nd,nf,la,ld,ndev,nuc,contains_bug
2,7,2,2,1,7,FALSE
1,8,0,0,1,0,FALSE
2,2,71,4,1,0,FALSE
1,1,2,2,1,0,FALSE
2,2,2,2,1,0,FALSE
1,1,5,0,1,0,FALSE
3,4,19,2,1,0,FALSE
1,1,2,2,1,0,FALSE
1,1,120,89,1,0,FALSE
1,1,18,17,1,3,FALSE
1,1,16,15,1,2,FALSE
1,1,14,14,1,1,FALSE
1,1,1,1,1,3,FALSE
1,1,1,1,1,2,FALSE
1,1,2,2,1,1,FALSE
5,47,9977,118,1,0,FALSE
2,2,36,36,1,0,FALSE
1,1,26,4,1,0,FALSE
1,2,103,107,1,2,TRUE
1,1,1,1,1,1,FALSE
4,4,169,169,1,0,FALSE
1,1,6,3,1,0,FALSE
1,1,8,3,1,0,FALSE
1,1,5,1,1,0,FALSE
5,5,93,93,1,0,FALSE
1,1,54,39,1,0,FALSE
2,3,384,280,1,0,FALSE
1,2,2,3,1,0,FALSE
37,37,1999,448,1,0,FALSE
1,1,60,5,1,0,TRUE
1,1,15,14,1,0,FALSE
1,1,21,21,1,0,FALSE
1,1,5,5,1,0,TRUE
1,1,0,2,1,1,FALSE
2,2,7,7,1,0,FALSE
1,1,1,0,1,1,FALSE
1,1,17,16,1,0,FALSE
1,1,5,5,1,0,FALSE
1,1,2,0,1,0,FALSE
1,1,2,2,1,1,FALSE
1,1,9,6,1,2,FALSE
1,1,1,5,1,1,FALSE
1,1,1,5,1,0,FALSE
1,1,2,1,1,0,FALSE
1,1,0,0,1,0,FALSE
5,7,341,339,1,4,FALSE
12,17,474,472,1,0,FALSE
6,6,20,11,1,0,FALSE
11,11,104,104,1,0,FALSE
1,1,2,0,1,0,FALSE
1,1,2,2,1,0,FALSE
1,1,2,2,1,0,FALSE
2,2,45,114,1,0,FALSE
4,4,106,38,1,0,TRUE
2,2,53,44,1,1,FALSE
1,1,50,49,1,0,FALSE
1,1,11,3,1,1,FALSE
1,1,0,151,1,0,FALSE
2,3,3,2,1,0,FALSE
2,2,9,1,1,1,FALSE
37,37,2574,1368,1,0,FALSE
1,1,1,4,1,1,FALSE
2,2,0,2,1,1,FALSE
3,3,50,37,1,4,TRUE
8,14,417,333,1,11,TRUE
6,8,225,80,1,4,TRUE
1,1,90,221,1,0,TRUE
2,2,20,9,1,0,TRUE
1,1,4,4,1,0,FALSE
4,4,54,39,1,0,FALSE
3,3,36,7,1,0,TRUE
3,3,4,3,1,1,FALSE
1,1,8,0,1,0,FALSE
5,5,31,31,1,0,FALSE
1,1,23,12,1,0,TRUE
1,1,1,1,1,1,FALSE
1,1,0,1,1,1,FALSE
3,3,16,13,1,0,FALSE
1,1,2,135,1,0,FALSE
2,2,4,1,1,1,TRUE
1,1,4,2,1,0,TRUE
3,5,11,11,1,0,FALSE
1,1,1,1,1,0,FALSE
1,1,2,1,1,0,FALSE
35,36,453,351,1,2,FALSE
7,15,13,11,1,2,FALSE
2,2,3,5,1,3,FALSE
2,2,43,0,1,1,FALSE
3,3,5,16,1,4,FALSE
1,1,2,1,1,0,FALSE
1,2,1908,1898,1,3,TRUE
3,4,29,20,1,6,FALSE
3,5,209,61,1,3,TRUE
8,10,310,133,1,0,TRUE
3,3,11,12,1,1,TRUE
1,1,5,6,1,0,TRUE
1,1,17,8,1,0,TRUE
4,4,7,12,1,14,TRUE
1,1,2,7,1,0,FALSE
1,1,6,2,1,1,FALSE
5,5,124,24,1,6,TRUE
1,1,1,0,1,1,FALSE
1,1,10,0,1,0,FALSE
1,1,3,8,1,1,TRUE
3,4,8,22,1,3,TRUE
5,9,459,370,1,4,TRUE
1,1,0,54,1,1,FALSE
3,3,14,5,1,0,FALSE
7,9,84,169,1,0,TRUE
1,1,2,2,1,0,FALSE
1,1,2,2,1,0,TRUE
4,7,38,16,1,0,FALSE
1,1,10,0,1,0,FALSE
6,6,39,39,1,0,FALSE
2,35,48,47,1,34,FALSE
14,51,132,84,1,0,TRUE
13,170,300,64,1,3,TRUE
2,4,48,76,1,0,FALSE
18,42,65,105,1,0,FALSE
1,2,10,10,1,0,FALSE
1,1,1,1,1,0,FALSE
36,36,168,27,1,0,FALSE
1,1,52,47,1,0,FALSE
1,1,12,1,1,0,FALSE
2,2,129,129,1,0,FALSE
2,11,38,2707,1,0,FALSE
6,8,114,53,1,0,TRUE
2,2,90,31,1,0,TRUE
1,1,1,1,1,0,TRUE
5,6,66,72,1,0,TRUE
4,4,140,140,1,0,FALSE
1,1,5,47,1,0,TRUE
1,1,2,1,1,0,FALSE
4,5,38,32,1,0,FALSE
2,2,2,2,1,0,TRUE
3,9,30,67,1,0,FALSE
1,1,20,16,1,1,TRUE
35,35,446,140,1,0,FALSE
2,2,38,6,1,0,FALSE
1,1,5,4,1,1,TRUE
3,3,50,38,1,0,TRUE
1,1,1,1,1,0,FALSE
8,8,379,379,1,0,FALSE
1,1,3,3,1,0,FALSE
2,2,14,13,1,0,FALSE
1,1,4,15,1,0,TRUE
3,3,5,4,1,0,FALSE
5,6,75,24,1,0,TRUE
2,2,5,4,1,0,FALSE
2,11,2690,23,1,0,FALSE
2,2,2,2,1,0,FALSE
3,3,13,8,1,0,FALSE
2,2,60,5,1,0,FALSE
3,3,58,14,1,0,TRUE
6,9,116,32,1,2,TRUE
6,7,158,57,1,0,TRUE
1,1,22,15,1,0,FALSE
3,4,53,76,1,0,TRUE
1,1,1,0,1,1,FALSE
4,5,7,7,1,0,FALSE
8,8,268,260,1,1,FALSE
2,2,12,3,1,0,TRUE
6,12,129,138,1,0,TRUE
1,1,2,82,1,0,FALSE
1,1,7,0,1,1,FALSE
6,8,151,63,1,9,TRUE
1,1,1,1,1,0,FALSE
3,3,51,26,1,4,FALSE
8,13,624,48,1,4,TRUE
3,5,112,40,1,0,FALSE
1,1,1,1,1,0,FALSE
1,1,3,0,1,0,FALSE
4,5,222,222,1,0,FALSE
2,4,16,35,1,0,FALSE
5,6,76,26,1,0,TRUE
1,1,0,2,1,1,FALSE
1,1,1,1,1,0,TRUE
1,1,3,3,1,0,TRUE
4,5,31,49,1,0,TRUE
1,1,17,15,1,0,FALSE
1,1,4,0,1,0,FALSE
4,5,60,60,1,0,FALSE
2,3,36,21,1,0,FALSE
4,4,32,4,1,0,TRUE
4,4,155,126,1,0,FALSE
34,34,1525,539,1,0,FALSE
1,1,7,0,1,0,TRUE
1,1,15,1,1,2,TRUE
1,1,6,1,1,0,TRUE
1,1,9,3,1,0,FALSE
1,1,5,1,1,0,FALSE
1,1,73,6,1,0,FALSE
2,7,1,476,1,0,FALSE
2,2,18,9,1,0,FALSE
2,4,2,5,1,0,FALSE
1,1,3,3,1,0,FALSE
1,1,13,9,1,0,FALSE
2,2,9,45,1,0,FALSE
4,4,45,2,1,0,FALSE
4,6,5,475,1,2,TRUE
1,1,2,2,1,1,FALSE
4,5,62,28,1,0,TRUE
1,1,3,2,1,0,FALSE
4,5,12,17,1,1,TRUE
1,1,16,5,1,1,TRUE
2,3,18,19,1,7,FALSE
1,1,39,9,1,4,TRUE
1,1,13,7,1,4,TRUE
1,1,1,1,1,3,FALSE
1,1,1,1,1,2,FALSE
1,1,3,0,1,3,FALSE
4,4,25,14,1,4,FALSE
5,9,730,104,1,3,TRUE
1,1,30,17,1,0,TRUE
1,1,5,5,1,0,FALSE
5,5,198,56,1,3,TRUE
1,1,27,5,1,1,TRUE
1,1,44,7,1,0,TRUE
5,6,50,15,1,1,TRUE
5,5,543,539,1,0,FALSE
2,2,68,61,1,0,TRUE
1,1,3,2,1,0,FALSE
5,6,148,2,1,0,TRUE
1,1,1,0,1,0,FALSE
1,1,35,18,1,0,FALSE
1,3,0,0,1,3,FALSE
2,4,42,34,1,0,TRUE
2,2,5,3,1,1,FALSE
1,1,296,296,1,0,TRUE
35,35,6000,5901,1,0,FALSE
10,11,291,0,1,2,FALSE
10,16,106,46,1,0,FALSE
2,7,1,1739,1,0,FALSE
1,1,67,15,1,0,FALSE
1,1,1,56,1,0,FALSE
1,1,1,1,1,0,FALSE
4,5,22,12,1,2,TRUE
5,10,82,43,1,0,FALSE
1,1,10,10,1,0,FALSE
1,1,26,28,1,0,FALSE
5,5,26,1,1,0,TRUE
1,1,7,0,1,0,FALSE
1,1,2,2,1,1,FALSE
12,31,9,12,1,0,FALSE
1,1,2,2,1,0,FALSE
3,4,7,7,1,2,FALSE
2,2,18,18,1,0,FALSE
1,1,0,1,1,0,FALSE
2,2,10,0,1,0,FALSE
2,3,12,2,1,0,FALSE
35,35,1549,298,1,0,FALSE
2,2,6,10,1,0,FALSE
1,2,20,5,1,0,TRUE
1,1,6,0,1,0,FALSE
1,1,3,0,1,0,FALSE
1,1,6,7,1,0,TRUE
1,1,1,1,1,0,FALSE
2,2,77,15,1,0,FALSE
3,3,41,21,1,1,TRUE
2,2,3,3,1,0,FALSE
1,1,1,0,1,0,FALSE
3,3,25,21,1,0,FALSE
1,1,1,0,1,1,FALSE
1,1,4,4,1,0,TRUE
1,1,16,6,1,0,FALSE
36,36,1022,275,1,0,FALSE
2,2,3,3,1,1,TRUE
1,1,1,1,1,2,FALSE
1,1,16,1,1,1,TRUE
2,2,61,12,1,0,TRUE
1,1,2,2,1,0,FALSE
1,1,2,2,1,0,TRUE
3,3,6,3,1,0,TRUE
2,2,7,1,1,0,TRUE
1,1,1,1,1,1,FALSE
1,1,24,20,1,0,TRUE
1,1,2,2,1,0,FALSE
1,1,210,145,1,0,TRUE
2,3,9,8,1,2,FALSE
5,6,34,11,1,0,TRUE
4,7,464,494,1,0,FALSE
1,2,0,33,1,0,FALSE
6,12,167,11,1,0,TRUE
1,1,2,3,1,1,FALSE
5,6,13,10,1,0,TRUE
2,2,96,40,1,0,TRUE
5,7,48,17,1,0,TRUE
7,27,0,2316,1,0,FALSE
1,1,8,0,1,0,FALSE
2,2,8,1,1,0,FALSE
1,1,14,0,1,0,FALSE
1,1,1,1,1,0,FALSE
13,13,715,98,1,0,FALSE
5,5,0,0,1,0,FALSE
2,2,12,1,1,0,FALSE
12,12,34,6,1,1,FALSE
2,4,33,28,1,0,TRUE
3,3,14,1,1,0,TRUE
1,1,1,1,1,0,FALSE
2,3,14,0,1,0,FALSE
1,1,7,1,1,0,FALSE
1,1,2,2,1,0,FALSE
1,1,3,3,1,0,FALSE
4,4,157,60,1,0,TRUE
1,1,1,1,1,4,FALSE
1,1,1,2,1,3,FALSE
1,1,2,2,1,2,FALSE
1,1,0,1,1,1,FALSE
1,1,3,1,1,0,FALSE
1,2,11,12,1,5,FALSE
1,2,5,5,1,3,FALSE
2,2,6,4,1,1,FALSE
2,3,5,6,1,0,FALSE
2,2,5,3,1,2,FALSE
5,6,25,12,1,0,TRUE
32,32,742,367,1,0,FALSE
1,23,0,0,1,0,FALSE
1,1,2,2,1,0,TRUE
5,112,0,0,1,0,FALSE
9,22,24,19,1,0,TRUE
5,7,125,89,1,37,TRUE
5,7,119,29,1,32,TRUE
2,3,58,20,1,20,FALSE
1,1,1,0,1,1,FALSE
4,4,47,18,1,21,TRUE
1,1,1,0,1,2,FALSE
8,13,753,696,1,30,TRUE
10,17,565,225,1,22,TRUE
3,4,69,97,1,5,FALSE
1,1,39,39,1,1,FALSE
1,1,18,1,1,0,TRUE
1,1,5,5,1,3,FALSE
1,1,1,1,1,2,FALSE
1,1,18,12,1,0,FALSE
35,35,1430,341,1,2,TRUE
2,3,19,42,1,2,TRUE
1,1,0,1,1,1,FALSE
13,32,1653,1567,1,0,TRUE
2,3,97,8,5,6,TRUE
4,5,31,5,5,53,TRUE
6,11,1500,1356,5,30,FALSE
2,8,2,2216,5,20,FALSE
3,4,51,13,5,24,FALSE
4,12,144,72,5,36,TRUE
7,17,700,111,5,52,TRUE
6,13,118,94,5,42,TRUE
2,2,46,113,5,20,FALSE
7,9,407,362,5,35,TRUE
5,8,190,128,5,46,TRUE
3,6,89,144,5,27,TRUE
1,1,10,9,5,8,FALSE
4,7,404,534,5,29,TRUE
2,5,42,69,5,14,FALSE
1,2,13,0,5,7,FALSE
1,1,15,3,5,67,FALSE
2,2,22,18,5,10,TRUE
13,21,369,17,5,31,TRUE
10,45,1563,1596,5,53,TRUE
2,2,5,1,5,28,FALSE
3,4,13,12,5,11,FALSE
2,2,25,11,5,21,FALSE
1,5,55,0,1,0,FALSE
30,30,2070,435,5,26,FALSE
1,1,0,1,5,19,FALSE
1,1,674,0,1,0,FALSE
3,3,34,15,5,4,TRUE
1,1,13,12,5,1,TRUE
1,1,5,1,3,5,FALSE
10,29,185,57,5,38,TRUE
1,1,3,3,5,1,FALSE
1,3,7,3,5,6,FALSE
3,3,3,3,5,22,FALSE
3,3,3,3,5,19,FALSE
1,1,6,6,5,13,FALSE
2,2,2,2,5,14,FALSE
1,1,10,4,5,11,FALSE
6,14,2239,6,3,4,FALSE
6,16,5,19,5,4,FALSE
2,2,2,0,5,7,TRUE
1,1,48,12,5,3,TRUE
1,1,5,5,5,2,FALSE
2,2,10,5,5,3,FALSE
1,1,4,4,5,1,FALSE
1,1,3,0,2,3,FALSE
2,3,0,316,5,102,FALSE
224,851,51965,38538,,,TRUE
2,5,81,123,5,355,TRUE
2,2,16,0,5,99,FALSE
2,5,13,8,5,190,FALSE
35,176,4063,3957,5,909,TRUE
1,1,0,1,5,65,FALSE
1,1,9,0,5,63,FALSE
25,25,298,154,5,384,FALSE
1,1,1216,1693,3,8,FALSE
1,2,4,2,5,10,FALSE
1,2,17,18,5,130,FALSE
1,1,20,11,5,3,FALSE
1,1,48,34,5,3,FALSE
1,1,76,42,5,35,FALSE
1,5,12,3,5,279,TRUE
1,1,1,1,5,12,FALSE
4,6,97,7,5,393,TRUE
1,1,776,408,3,7,FALSE
1,1,14,3,2,3,FALSE
1,1,19,18,5,34,FALSE
1,1,120,44,5,33,FALSE
1,1,2,2,5,93,FALSE
5,5,68,34,5,101,FALSE
4,4,35,34,5,120,FALSE
1,1,25,23,5,16,FALSE
1,1,1326,1217,3,6,FALSE
27,28,686,396,5,436,FALSE
1,1,1,1,5,9,FALSE
2,2,17,11,5,91,FALSE
3,4,35,2,5,136,TRUE
2,5,21,8,5,281,TRUE
1,1,4,3,5,126,TRUE
4,6,83,48,5,378,TRUE
2,2,53,59,5,184,TRUE
1,1,4,4,5,59,FALSE
1,1,17,15,5,105,TRUE
1,1,20,35,5,11,FALSE
2,2,6,3,5,189,FALSE
1,1,8,0,5,121,TRUE
1,2,227,96,5,222,TRUE
5,8,368,163,5,390,TRUE
6,21,3009,2978,4,23,TRUE
3,4,22,42,5,166,TRUE
1,1,5,2,5,56,FALSE
2,2,36,36,5,116,FALSE
1,1,6,6,5,55,FALSE
2,2,22,16,5,24,TRUE
1,1,10,24,5,11,TRUE
24,24,0,24,5,236,FALSE
1,1,0,2,5,54,FALSE
7,12,27,14,5,180,TRUE
4,6,411,0,5,89,TRUE
1,1,0,9,5,88,FALSE
1,1,1,1,5,2,FALSE
1,1,1,2,5,32,FALSE
1,1,1,0,5,31,FALSE
1,1,3,3,5,6,FALSE
1,2,12,18,5,82,FALSE
1,1,11,12,5,51,FALSE
1,1,22,22,5,15,FALSE
12,13,23,14,5,144,FALSE
3,4,7,13,5,89,FALSE
1,1,2,1,5,29,FALSE
1,1,1,1,5,10,FALSE
2,4,67,171,5,220,TRUE
3,5,223,4,5,41,TRUE
1,1,1,1,5,12,FALSE
1,1,1,1,5,3,FALSE
3,4,10,2,5,90,FALSE
1,1,0,39,5,112,FALSE
1,2,3,3,5,119,FALSE
1,1,2,2,5,107,TRUE
1,1,1,1,5,77,FALSE
5,5,260,252,5,102,FALSE
2,3,4,11,5,77,FALSE
1,1,9,9,5,22,FALSE
2,2,25,9,5,30,FALSE
5,5,66,26,5,44,FALSE
2,2,7,18,5,20,FALSE
1,1,4,3,5,47,FALSE
1,3,0,0,5,3,FALSE
1,1,13,1,5,46,FALSE
2,3,12,14,5,27,TRUE
2,3,32,17,5,14,TRUE
1,1,1,1,5,4,FALSE
2,3,144,56,5,28,TRUE
1,1,6,4,5,72,FALSE
2,2,68,75,5,82,TRUE
1,1,7,6,5,103,TRUE
1,1,4,0,3,10,FALSE
1,3,45,11,5,188,TRUE
1,1,2,2,5,15,FALSE
1,2,13,14,5,5,TRUE
3,6,1328,182,5,9,TRUE
1,1,4,3,5,70,FALSE
26,89,5369,30,5,245,TRUE
1,1,3,3,5,101,TRUE
2,3,7,14,5,83,TRUE
6,24,601,2660,5,121,TRUE
2,2,121,53,5,12,TRUE
6,12,112,48,5,386,TRUE
3,7,397,9,5,101,TRUE
2,14,2665,4,2,5,FALSE
4,7,43,33,5,108,FALSE
3,4,17,95,5,189,TRUE
1,1,24,29,5,1,FALSE
2,3,186,53,5,99,TRUE
1,1,2,1,3,10,FALSE
10,10,957,240,5,75,FALSE
7,35,0,0,5,40,FALSE
1,1,2,2,5,19,FALSE
2,2,35,35,5,73,FALSE
1,1,4,5,5,45,FALSE
25,26,808,319,5,319,FALSE
1,1,1,4,5,9,TRUE
3,3,49,37,5,167,TRUE
1,1,20,25,3,3,FALSE
1,1,1,1,5,8,FALSE
1,1,2,2,3,4,FALSE
3,5,44,15,5,193,TRUE
1,2,22,9,5,108,FALSE
1,1,55,22,5,80,TRUE
1,1,3,0,5,79,FALSE
5,6,103,7,5,198,TRUE
1,1,15,24,5,91,TRUE
1,1,22,41,5,7,TRUE
2,2,77,12,5,157,TRUE
1,1,1,1,5,89,TRUE
2,3,135,110,3,14,TRUE
2,2,71,1,5,77,TRUE
1,1,1,1,5,6,FALSE
1,1,2,2,5,10,TRUE
1,1,224,60,5,88,TRUE
1,1,5,7,5,5,TRUE
3,3,44,51,5,146,TRUE
3,3,224,52,5,138,TRUE
7,12,443,135,5,228,TRUE
22,22,313,795,5,146,FALSE
3,4,10,16,5,225,TRUE
1,1,14,6,5,82,TRUE
1,3,3,3,5,52,FALSE
2,2,11,16,5,73,FALSE
3,3,136,36,5,64,FALSE
1,2,300,268,5,69,TRUE
1,2,74,44,5,69,TRUE
1,1,8,0,5,43,FALSE
3,4,157,4,5,125,TRUE
1,1,1,0,3,8,TRUE
1,1,0,1,5,66,FALSE
2,3,64,26,5,81,TRUE
2,4,29,6,5,169,TRUE
1,1,9,4,3,5,FALSE
1,1,27,35,3,4,FALSE
1,1,15,0,3,8,FALSE
1,2,198,55,3,7,FALSE
1,1,75,15,3,7,TRUE
1,1,2,1,5,78,TRUE
1,1,4,2,5,62,TRUE
3,12,38,126,5,105,FALSE
1,1,86,15,3,3,TRUE
1,1,27,1,2,2,TRUE
2,2,6,4,5,120,FALSE
1,1,0,0,1,1,FALSE
1,1,4,2,5,77,TRUE
1,2,69,36,5,71,TRUE
2,2,15,3,5,77,TRUE
4,5,123,57,5,158,TRUE
1,1,64,49,5,59,TRUE
1,1,5,6,5,42,FALSE
24,24,1262,1183,5,198,FALSE
1,1,236,0,1,0,FALSE
1,1,1,1,5,54,FALSE
1,1,6,2,5,41,FALSE
2,2,52,7,5,114,FALSE
1,1,6,0,1,4,FALSE
1,1,1,0,3,9,FALSE
1,1,0,1,5,9,FALSE
1,1,4,0,3,6,TRUE
1,6,0,0,1,12,FALSE
1,1,33,0,1,0,FALSE
1,1,6,2,1,3,FALSE
1,1,3,2,1,2,FALSE
1,6,0,0,1,6,FALSE
1,1,33,0,1,0,FALSE
1,1,2,0,1,3,FALSE
1,1,18,4,3,5,TRUE
1,1,11,1,5,27,FALSE
1,1,0,4,1,1,FALSE
1,1,15,0,1,0,FALSE
1,3,0,0,3,4,FALSE
1,1,5,5,2,2,FALSE
3,5,62,37,5,150,TRUE
1,2,66,36,3,81,TRUE
1,12,0,0,1,0,FALSE
1,1,12,0,5,26,FALSE
1,1,21,3,1,2,FALSE
3,4,1157,1,1,1,FALSE
2,2,9,1,2,2,FALSE
3,9,642,0,1,0,FALSE
17,258,0,73767,3,258,FALSE
1,1,15,10,5,25,FALSE
2,2,2,1,5,19,FALSE
1,1,3,6,4,1,FALSE
1,1,2,2,3,4,FALSE
16,35,0,2346,5,35,FALSE
36,77,5022,10,5,73,FALSE
4,9,142,15,4,70,FALSE
1,1,3,1,3,8,FALSE
1,1,4,0,3,72,TRUE
1,2,2,3,3,72,TRUE
1,1,1,0,3,2,FALSE
1,1,11,7,3,38,FALSE
2,3,10,9,3,91,FALSE
2,2,1,1,3,71,FALSE
2,2,6,0,1,0,FALSE
1,1,32,19,3,1,FALSE
2,2,17,1,3,55,TRUE
1,1,2,2,3,48,FALSE
1,1,85,55,3,7,TRUE
2,2,0,3,3,12,FALSE
1,1,7,4,3,68,TRUE
1,1,26,0,3,5,TRUE
1,1,16,1,3,36,FALSE
1,1,73,21,3,2,FALSE
1,1,2,21,3,51,FALSE
4,4,36,26,3,56,FALSE
1,1,10,1,3,50,FALSE
1,3,52,2,3,125,TRUE
4,6,13,25,3,121,TRUE
3,3,14,0,3,54,TRUE
2,2,21,1,3,116,TRUE
2,2,5,3,3,114,TRUE
1,1,4,4,3,48,FALSE
1,1,12,9,3,64,TRUE
3,4,76,80,3,121,TRUE
1,1,1,1,3,4,FALSE
4,11,11,11,3,147,TRUE
1,2,137,0,3,2,TRUE
1,1,3,4,3,47,FALSE
1,1,78,30,3,1,TRUE
1,2,9,8,3,7,FALSE
4,8,86,43,3,144,TRUE
2,4,13,7,3,139,FALSE
2,2,2,2,3,44,FALSE
5,12,2743,4,3,60,TRUE
1,1,38,8,3,59,TRUE
21,21,2673,1986,3,103,FALSE
4,6,186,45,3,146,TRUE
1,1,1,0,1,1,TRUE
0,0,0,0,0,0,TRUE
5,10,129,90,3,201,TRUE
1,1,8,10,3,1,FALSE
1,1,1,1,3,4,TRUE
8,37,3947,4270,3,62,TRUE
1,1,22,33,2,9,TRUE
2,2,4,2,3,83,FALSE
1,1,1,1,3,58,TRUE
1,1,13,5,3,57,TRUE
1,1,21,8,3,56,TRUE
1,2,8,11,3,59,TRUE
1,1,31,0,3,54,TRUE
1,1,81,39,3,53,TRUE
1,1,1,1,1,1,FALSE
1,1,4,1,3,40,FALSE
1,1,0,0,2,2,FALSE
1,1,0,0,1,0,FALSE
1,1,4,4,3,49,FALSE
1,7,1153,1942,3,3,FALSE
3,4,18,4,3,95,TRUE
1,1,4,4,3,39,FALSE
1,1,1,1,3,1,FALSE
2,2,0,101,3,47,FALSE
1,3,73,9,3,17,FALSE
1,1,8,0,3,51,TRUE
1,1,0,83,3,50,FALSE
2,2,47,35,3,86,FALSE
1,2,51,0,3,49,TRUE
1,1,6,2,3,37,FALSE
1,1,96,2,3,46,TRUE
3,7,490,391,3,91,TRUE
1,1,15,0,3,42,TRUE
1,1,18,27,3,41,FALSE
1,1,36,40,3,45,TRUE
1,1,29,42,3,40,TRUE
1,1,19,13,3,39,TRUE
1,1,213,261,3,44,TRUE
1,1,306,0,1,0,TRUE
2,2,124,1,3,38,TRUE
1,1,7,7,3,43,TRUE
1,1,4,39,3,42,TRUE
1,2,0,343,3,79,FALSE
1,1,5,3,3,23,FALSE
1,6,1224,105,3,7,FALSE
1,1,35,6,3,22,FALSE
1,1,3,3,3,4,FALSE
1,1,3,1,3,32,FALSE
1,1,2,1,3,31,FALSE
5,6,42,33,3,82,TRUE
1,1,5,5,3,35,TRUE
1,2,4,3,3,62,FALSE
9,12,430,377,3,148,TRUE
21,21,790,372,3,80,FALSE
2,2,3,4,3,66,FALSE
1,2,0,174,3,2,FALSE
6,28,533,4458,3,227,TRUE
1,1,2,1,2,1,FALSE
1,1,9,5,2,29,TRUE
3,4,3,2,2,9,FALSE
2,2,1,111,2,30,FALSE
1,4,59,74,3,41,TRUE
1,1,1,1,2,20,FALSE
1,1,7,2,3,28,FALSE
1,2,7,7,2,55,TRUE
1,1,87,23,2,34,TRUE
1,1,17,16,2,33,TRUE
1,1,3,7,2,32,TRUE
2,5,284,22,3,60,TRUE
1,1,17,23,2,24,FALSE
1,1,0,0,1,0,FALSE
2,2,3,2,2,4,FALSE
1,1,2,2,2,2,FALSE
5,7,116,30,2,106,TRUE
1,1,2,8,2,28,TRUE
1,1,44,1,2,27,TRUE
1,1,3,3,2,2,FALSE
1,1,63,63,2,1,FALSE
2,4,8,10,2,103,FALSE
27,35,2622,720,2,221,TRUE
1,1,1,1,2,30,FALSE
1,1,10,16,2,1,FALSE
1,1,33,27,2,23,FALSE
30,148,16024,1370,2,346,TRUE
11,15,1318,622,2,151,TRUE
1,1,1004,0,1,0,FALSE
11,51,10062,284,2,139,TRUE
7,18,706,391,2,126,TRUE
5,5,5,9,2,51,FALSE
1,2,3,1,2,29,FALSE
12,32,684,304,2,127,TRUE
1,1,3,0,2,12,FALSE
1,1,6,0,1,2,FALSE
3,3,18,6,2,29,FALSE
1,1,5,7,2,13,FALSE
1,1,1,1,1,2,FALSE
1,1,161,0,1,0,FALSE
18,258,73702,0,1,0,FALSE
1,1,1,1,1,10,FALSE
1,1,1,1,1,9,FALSE
1,1,1,1,1,1,FALSE
2,2,8,1,2,22,FALSE
2,4,153,12,1,28,TRUE
3,7,165,23,1,19,TRUE
1,1,2,0,2,9,FALSE
1,1,2,4,2,8,FALSE
1,1,0,16,2,9,FALSE
1,1,1,1,2,6,FALSE
1,1,1,0,2,5,FALSE
1,1,8,0,2,4,FALSE
2,2,3,3,1,11,FALSE
2,2,4,15,1,6,FALSE
1,1,11,6,1,3,TRUE
1,1,32,1,1,1,FALSE
1,1,1,1,2,2,FALSE
1,2,4,2,2,8,FALSE
1,1,0,33,1,6,FALSE
1,1,31,0,1,0,FALSE
1,1,9,0,1,1,FALSE
1,1,21,1,1,5,FALSE
1,1,6,4,1,1,FALSE
1,1,3,3,1,4,FALSE
1,1,5,1,1,3,FALSE
1,1,13,0,1,2,FALSE
2,2,12,5,1,4,FALSE
1,1,33,2,1,1,FALSE
10,63,4047,0,1,0,TRUE
1,1,952,0,1,0,FALSE
1,2,20,0,1,0,FALSE
3,3,30,15,1,0,FALSE
1,1,4,2,1,0,TRUE
3,3,288,293,1,0,FALSE
1,1,5,3,1,0,FALSE
1,1,19,27,1,0,FALSE
3,3,48,24,1,0,FALSE
1,1,13,38,1,0,FALSE
3,4,40,21,1,0,TRUE
2,2,84,90,1,0,TRUE
2,2,9,12,1,0,TRUE
1,1,8,4,1,0,FALSE
1,1,30,34,1,0,TRUE
1,1,27,4,1,1,TRUE
2,2,98,86,1,0,FALSE
3,3,4,12,1,0,FALSE
1,1,1,1,1,1,FALSE
4,5,761,807,1,0,TRUE
1,1,1,1,1,0,FALSE
1,1,1,1,1,1,FALSE
3,3,23,5,1,1,TRUE
1,1,31,17,1,0,TRUE
2,2,2,21,1,0,TRUE
4,4,2585,2532,1,0,TRUE
1,1,6,8,1,0,TRUE
2,3,632,528,1,0,TRUE
1,1,362,359,1,0,TRUE
1,1,6,9,1,0,FALSE
3,4,117,92,1,5,TRUE
1,2,50,41,1,5,TRUE
1,1,36,13,1,0,FALSE
1,1,23,20,1,0,FALSE
1,1,73,59,1,1,TRUE
3,3,58,21,1,2,TRUE
1,1,2,2,1,1,TRUE
2,2,4,1,1,0,TRUE
3,6,55,69,1,2,TRUE
1,1,33,17,1,0,FALSE
2,2,22,16,1,0,TRUE
5,5,72,31,1,0,TRUE
1,1,1,1,1,1,FALSE
3,3,49,51,1,0,FALSE
1,1,21,30,1,0,TRUE
1,1,1,1,1,0,FALSE
1,1,1,1,1,1,FALSE
6,7,19,12,1,0,FALSE
3,4,139,20,1,0,TRUE
1,1,1,1,1,0,FALSE
1,1,241,207,1,0,TRUE
1,1,1,1,1,0,FALSE
1,1,1,1,1,0,TRUE
1,1,0,1,1,0,FALSE
2,2,28,27,1,0,FALSE
1,1,10,36,1,1,TRUE
1,1,3,5,1,0,TRUE
1,1,1,2,1,0,FALSE
1,1,1,1,1,0,FALSE
3,3,69,35,1,0,TRUE
2,2,2,2,1,0,FALSE
1,1,5,4,1,1,FALSE
1,1,11,9,1,0,TRUE
18,44,6858,5032,1,0,TRUE
3,3,13,2,1,0,TRUE
3,3,34,23,1,0,TRUE
1,1,1,1,1,2,TRUE
3,3,72,35,1,5,TRUE
1,2,33,16,1,1,TRUE
2,2,4,10,1,0,FALSE
2,2,83,103,1,0,FALSE
1,1,5,1,1,0,FALSE
2,3,29,2,1,2,TRUE
1,1,1,0,1,1,FALSE
1,1,21,21,1,0,FALSE
1,1,1,1,1,0,FALSE
1,1,1,1,1,0,FALSE
1,1,41,5,1,2,FALSE
1,1,5,4,1,1,TRUE
1,1,1,3,1,0,FALSE
1,1,6,4,1,0,FALSE
1,1,1,1,1,1,FALSE
1,1,3,0,1,0,FALSE
2,2,17,1,1,0,FALSE
2,2,17,1,1,2,TRUE
1,1,4,41,1,0,TRUE
1,1,1,1,1,0,FALSE
2,2,20,11,1,0,TRUE
1,1,6,6,1,0,FALSE
2,2,21,12,1,0,TRUE
2,2,16,4,1,0,TRUE
4,5,4,9,1,0,FALSE
1,1,4,1,1,1,TRUE
1,1,1,1,1,0,FALSE
1,1,17,0,1,0,FALSE
4,5,50,41,1,0,FALSE
1,1,1,1,1,1,FALSE
6,8,129,32,1,0,TRUE
2,4,36,24,1,0,TRUE
3,4,45,22,1,0,TRUE
2,4,28,13,1,3,TRUE
2,2,65,58,1,0,FALSE
1,1,1,1,1,0,FALSE
1,1,6,2,1,0,FALSE
4,4,26,44,1,0,FALSE
2,2,9,8,1,0,TRUE
2,2,8,2,1,0,TRUE
3,4,474,468,1,0,TRUE
3,3,5,7,1,1,TRUE
4,6,250,155,1,0,TRUE
1,2,1,2,1,1,FALSE
1,1,45,30,1,1,FALSE
3,3,16,14,1,1,TRUE
2,3,33,1,1,0,TRUE
1,1,15,20,1,0,TRUE
1,1,3,3,1,1,FALSE
2,2,4,3,1,0,TRUE
2,14,1,1,1,0,FALSE
6,8,74,154,1,0,TRUE
28,94,1822,5404,1,0,TRUE
2,2,5,4,1,0,TRUE
6,12,103,85,1,1,TRUE
3,3,5,5,1,24,FALSE
3,3,24,18,1,20,TRUE
2,2,22,21,1,11,TRUE
9,33,36,5,1,3,TRUE
1,1,47,37,1,0,FALSE
4,4,12,8,1,16,FALSE
8,10,76,69,1,15,TRUE
6,6,25,33,1,12,TRUE
3,3,22,7,1,2,TRUE
5,6,244,340,1,4,TRUE
1,1,2,0,1,1,TRUE
1,1,3,1,1,1,TRUE
1,1,4,1,1,0,FALSE
2,2,7,1,5,14,TRUE
2,6,169,220,5,18,TRUE
1,2,136,39,5,4,FALSE
1,1,1,1,5,4,FALSE
1,1,6,10,5,21,FALSE
1,1,2,1,5,18,FALSE
4,6,47,45,5,10,TRUE
1,1,1,1,5,6,FALSE
1,1,11,7,5,1,TRUE
1,1,1,0,5,17,FALSE
2,3,7,7,5,60,FALSE
1,2,4,2,5,12,FALSE
48,139,20,15766,5,139,TRUE
2,3,1,2,5,23,FALSE
10,14,147,98,5,399,TRUE
1,1,302,179,5,64,FALSE
3,4,4,9,5,40,TRUE
1,1,2,2,5,2,FALSE
1,1,2,2,5,8,FALSE
2,3,70,87,5,235,TRUE
1,3,96,19,5,250,TRUE
2,6,38,67,5,265,TRUE
2,3,38,14,5,300,TRUE
1,1,14,3,5,3,FALSE
2,2,57,48,5,117,TRUE
1,1,3,2,5,4,FALSE
1,1,55,37,5,98,TRUE
1,1,9,10,5,11,FALSE
2,3,2,3,5,47,TRUE
5,17,115,104,5,148,TRUE
2,2,7,15,5,109,FALSE
2,2,4,5,5,89,FALSE
1,1,12,6,5,85,FALSE
3,3,3,14,5,191,TRUE
3,3,24,25,5,184,TRUE
25,26,558,301,5,343,FALSE
4,4,11,126,5,209,TRUE
1,1,1,0,5,9,FALSE
1,1,1,5,5,94,FALSE
1,1,59,11,5,93,TRUE
1,3,24,4,5,106,TRUE
1,1,1,1,5,79,FALSE
1,1,15,0,5,1,FALSE
2,2,32,11,5,113,TRUE
3,6,27,13,5,120,TRUE
1,1,12,13,5,113,TRUE
1,1,42,2,5,4,TRUE
1,1,6,0,5,20,TRUE
1,1,45,1,5,111,TRUE
1,1,12,1,5,110,TRUE
2,2,16,10,5,90,TRUE
2,2,47,47,5,100,TRUE
5,6,50,41,5,221,TRUE
2,2,11,7,5,60,TRUE
4,6,56,13,5,105,TRUE
4,6,71,88,5,187,TRUE
2,5,61,47,5,289,TRUE
2,3,18,15,5,121,TRUE
1,1,115,1,5,7,TRUE
1,2,186,178,5,191,TRUE
1,1,67,80,5,86,TRUE
7,8,5,49,5,171,TRUE
1,1,1,20,5,2,FALSE
2,2,27,0,1,0,FALSE
2,2,6,2,5,150,TRUE
1,1,3,3,5,16,FALSE
1,1,5,5,5,93,FALSE
2,2,3,6,5,146,TRUE
1,1,10,7,5,11,TRUE
2,3,4,6,5,227,FALSE
3,6,65,11,5,235,TRUE
1,1,2,0,5,62,FALSE
1,2,3,8,5,151,TRUE
2,3,27,6,5,199,TRUE
2,2,1,1,3,12,FALSE
1,1,0,5,5,2,FALSE
1,1,3,2,3,2,FALSE
1,1,4,2,5,56,FALSE
1,1,1,1,5,2,FALSE
1,2,5,1,5,69,FALSE
1,4,13,3,5,43,FALSE
4,7,32,5,5,218,TRUE
1,1,14,14,5,56,FALSE
1,1,22,1,5,55,TRUE
1,1,2,4,3,11,FALSE
2,3,7,3,3,95,FALSE
2,4,135,9,3,122,TRUE
1,1,37,24,3,52,TRUE
2,2,14,8,3,3,FALSE
4,6,40,98,3,60,TRUE
2,2,113,55,3,47,TRUE
1,1,4,6,3,37,FALSE
3,8,92,21,3,169,FALSE
2,2,6,7,3,74,FALSE
1,1,1,0,3,4,TRUE
2,4,79,56,3,109,TRUE
1,1,1,9,3,33,TRUE
4,8,73,9,3,120,TRUE
1,2,4,1,3,32,TRUE
1,1,23,23,2,29,FALSE
12,14,594,382,2,137,TRUE
13,20,130,95,2,164,TRUE
7,10,78,43,2,147,TRUE
10,52,202,9922,2,133,TRUE
7,13,63,37,2,130,TRUE
6,7,19,32,2,69,TRUE
6,6,33,27,2,62,TRUE
1,1,2,27,2,13,FALSE
4,5,112,99,2,41,FALSE
4,5,116,25,2,52,TRUE
5,12,421,384,2,80,TRUE
1,1,1,1,2,11,FALSE
1,1,28,2,2,10,FALSE
1,1,1,1,1,9,TRUE
1,1,2,2,1,8,FALSE
2,3,2,4,1,21,FALSE
2,2,8,1,1,16,FALSE
1,1,11,0,2,7,FALSE
2,2,3,1,1,12,TRUE
1,1,1,1,1,7,FALSE
3,8,601,275,1,16,TRUE
1,1,16,12,2,8,FALSE
5,6,15,19,1,22,TRUE
1,1,1,2,1,4,FALSE
1,1,1,1,1,3,FALSE
1,1,42,11,1,1,FALSE
1,1,11,5,1,2,FALSE
6,19,254,63,1,23,TRUE
2,2,5,5,1,3,FALSE
3,6,172,76,1,7,TRUE
1,1,2,2,1,1,TRUE