nd;nf;la;ld;ndev;nuc;contains_bug
2;2;2;1;1;6;FALSE
1;1;1;1;1;0;FALSE
1;1;1;1;1;2;FALSE
1;1;8;2;1;3;FALSE
1;1;2;1;1;2;FALSE
2;2;71;3;1;2;FALSE
1;1;2;2;1;0;FALSE
2;2;7;0;1;0;FALSE
4;6;215;121;1;3;FALSE
3;4;21;0;1;0;FALSE
1;1;11;0;1;0;FALSE
55;55;56;0;1;0;FALSE
1;1;6;3;1;0;FALSE
1;1;1;3;1;0;FALSE
2;2;3;196;1;0;FALSE
1;1;0;0;1;0;FALSE
1;1;3;0;1;0;FALSE
1;1;3;0;1;0;FALSE
1;1;4;7;1;0;FALSE
2;2;66;92;1;2;FALSE
1;1;8;0;1;0;FALSE
19;19;64;65;1;0;FALSE
1;1;7;0;1;0;FALSE
2;2;29;0;1;0;FALSE
1;1;5;5;1;0;FALSE
3;3;29;23;1;0;FALSE
2;2;7;0;1;0;FALSE
1;1;1;1;1;0;FALSE
4;4;19;1;1;0;FALSE
8;8;19;0;1;0;FALSE
3;3;13;0;1;0;FALSE
4;4;17;0;1;0;FALSE
1;1;1;1;1;1;FALSE
57;57;0;93;1;0;FALSE
1;1;1;1;1;1;FALSE
2;2;15;0;1;0;FALSE
3;3;9;2;1;7;FALSE
2;2;11;3;1;0;FALSE
3;3;64;61;1;0;FALSE
3;3;34;32;1;0;FALSE
2;2;2;0;1;0;FALSE
4;4;4;0;1;0;FALSE
7;7;30;0;1;0;FALSE
1;1;19;25;1;0;FALSE
8;14;163;235;1;19;FALSE
8;21;316;180;1;7;FALSE
1;1;1;0;1;0;FALSE
4;4;18;9;1;1;FALSE
8;15;423;347;1;0;FALSE
6;6;6;0;1;0;FALSE
1;1;1;1;1;1;FALSE
1;1;1;1;1;0;FALSE
1;1;1;0;1;0;FALSE
1;1;2;0;1;0;FALSE
1;1;2;0;1;0;FALSE
1;1;1;0;1;0;FALSE
1;1;54;41;1;0;FALSE
1;1;34;0;1;0;FALSE
1;1;16;0;1;0;FALSE
1;1;1;0;1;0;FALSE
1;1;1;1;1;1;FALSE
1;1;1;1;1;2;FALSE
1;1;9;9;1;2;FALSE
1;1;6;7;1;1;FALSE
1;1;13;0;1;0;FALSE
1;1;1;1;1;1;FALSE
1;1;71;17;1;0;FALSE
2;2;11;4;1;0;FALSE
3;3;3;0;1;0;FALSE
1;1;2;0;1;0;FALSE
2;2;3;3;1;0;FALSE
3;3;19;5;1;0;FALSE
1;1;1;1;1;5;FALSE
1;1;13;12;1;1;FALSE
1;1;1;1;1;3;FALSE
7;7;7;0;1;0;FALSE
1;1;18;4;1;0;FALSE
1;1;1;1;1;2;FALSE
1;1;1;1;1;1;FALSE
1;1;6;2;1;0;FALSE
27;27;54;54;1;0;FALSE
1;1;8;18;1;0;FALSE
1;1;3;3;1;0;FALSE
1;1;1;0;1;0;FALSE
1;1;2;0;1;0;FALSE
2;2;25;0;1;0;FALSE
2;2;11;8;1;0;FALSE
1;1;2;0;1;0;FALSE
1;1;3;3;1;2;FALSE
1;1;5;0;1;0;FALSE
2;2;3;0;1;0;FALSE
1;1;4;0;1;0;FALSE
1;1;88;0;1;0;FALSE
1;1;1;1;1;0;FALSE
1;1;7;0;1;0;FALSE
1;1;1;0;1;0;FALSE
1;1;1;0;1;0;FALSE
2;2;2;0;1;0;FALSE
1;1;6;5;1;0;FALSE
2;2;2;0;1;0;FALSE
2;2;4;0;1;0;FALSE
1;1;1;0;1;0;FALSE
1;1;2;7;1;3;FALSE
1;1;18;0;1;2;FALSE
1;1;41;3;1;1;FALSE
4;4;4;0;1;0;FALSE
52;52;55;0;1;0;FALSE
9;13;674;237;1;0;FALSE
1;1;22;0;1;0;FALSE
2;2;43;1;1;0;FALSE
1;1;6;0;1;0;FALSE
2;2;16;0;1;0;FALSE
2;2;20;0;1;0;FALSE
1;1;2;0;1;0;FALSE
1;1;3;0;1;0;FALSE
1;1;11;0;1;0;FALSE
2;3;2;10;1;0;FALSE
1;2;2;1;1;0;FALSE
1;1;3;0;1;0;FALSE
1;1;3;0;1;0;FALSE
2;2;11;0;1;0;FALSE
6;11;2;0;1;1;FALSE
9;9;95;0;1;0;FALSE
1;1;8;5;1;0;TRUE
18;18;42;14;1;0;FALSE
1;1;27;27;1;0;FALSE
1;1;3;0;1;0;FALSE
2;2;4;4;1;0;FALSE
1;1;2;0;1;0;FALSE
2;2;4;0;1;0;FALSE
62;62;66;0;1;0;FALSE
1;1;84;0;1;0;FALSE
4;8;29;15;1;0;FALSE
2;2;6;0;1;0;FALSE
8;8;15;0;1;0;FALSE
1;1;15;3;1;0;FALSE
1;1;8;0;1;0;FALSE
2;2;5;5;1;0;FALSE
1;1;1;1;1;0;FALSE
1;1;2;2;1;0;FALSE
2;4;4;4;1;0;FALSE
2;2;4;0;1;0;FALSE
1;1;1;0;1;0;FALSE
1;1;24;12;1;0;FALSE
3;3;14;9;1;11;TRUE
2;2;4;0;1;0;FALSE
1;1;1;0;1;5;FALSE
1;1;1;0;1;4;FALSE
1;1;86;59;1;3;FALSE
1;1;32;21;1;2;FALSE
1;1;0;2;1;1;FALSE
1;1;2;0;1;0;FALSE
7;13;593;193;1;4;FALSE
16;16;41;0;1;0;FALSE
2;2;0;221;1;0;FALSE
4;7;533;47;1;0;TRUE
94;94;20;498;1;0;FALSE
2;2;103;103;1;0;FALSE
1;1;41;0;1;0;FALSE
1;1;13;0;1;0;FALSE
2;3;153;146;1;0;FALSE
3;3;0;395;1;0;FALSE
1;1;9;8;1;0;FALSE
1;1;2;3;2;6;FALSE
1;2;1;2;2;10;FALSE
1;1;5;0;2;4;FALSE
2;2;6;1;1;0;FALSE
1;2;4;1;2;5;FALSE
3;3;7;7;2;5;FALSE
1;1;1;1;1;2;FALSE
1;1;1;1;1;0;FALSE
2;2;3;2;1;0;FALSE
1;1;3;3;1;0;FALSE
1;1;1;1;1;0;TRUE
1;1;9;0;1;0;FALSE
1;1;1;1;1;3;FALSE
1;1;10;10;1;1;FALSE
4;4;12;0;1;0;FALSE
2;3;26;8;1;4;FALSE
11;21;81;3;1;1;FALSE
1;1;2;0;1;0;FALSE
14;14;5;5;1;10;FALSE
6;8;72;49;1;0;FALSE
1;1;14;1;1;0;FALSE
2;2;46;16;1;0;FALSE
1;1;1;7;1;1;FALSE
53;310;312;312;1;13;TRUE
1;1;0;0;1;0;FALSE
2;3;5;5;1;0;FALSE
1;1;2;0;1;0;FALSE
1;1;2;2;1;0;FALSE
1;1;1;0;1;0;FALSE
2;2;17;8;1;2;FALSE
1;1;3;3;1;1;FALSE
1;1;5;0;1;0;FALSE
1;1;6;2;1;0;FALSE
1;1;15;8;3;3;FALSE
1;1;4;4;3;3;FALSE
2;6;47;71;3;10;FALSE
4;4;20;34;1;3;FALSE
1;1;61;0;1;0;FALSE
3;3;28;0;1;0;FALSE
3;3;32;5;1;0;FALSE
3;3;23;0;1;0;FALSE
1;1;6;0;1;1;FALSE
1;1;3;0;1;1;FALSE
2;2;38;73;3;5;FALSE
1;1;1;0;3;12;FALSE
2;2;37;25;3;7;FALSE
1;1;2;0;1;1;FALSE
1;1;2;0;1;2;FALSE
1;2;10;5;1;2;FALSE
2;2;13;0;1;2;FALSE
4;10;47;36;3;35;TRUE
2;2;3;3;1;1;FALSE
1;1;40;2;3;3;FALSE
4;11;137;66;3;34;TRUE
1;5;128;122;3;7;FALSE
2;6;96;21;3;6;TRUE
2;3;7;4;1;0;FALSE
2;3;78;36;3;2;TRUE
1;1;39;105;3;1;TRUE
4;9;64;123;3;18;TRUE
4;4;21;1;1;4;FALSE
3;4;56;51;3;8;TRUE
7;8;191;38;3;10;TRUE
2;2;22;13;3;10;FALSE
51;51;226;116;1;0;FALSE
2;3;6;12;3;5;TRUE
1;1;2;4;1;0;TRUE
3;3;34;35;3;7;TRUE
4;9;1331;827;3;5;TRUE
1;2;7;4;1;0;FALSE
1;1;18;0;1;0;FALSE
3;3;264;37;1;0;FALSE
1;1;8;6;1;0;FALSE
2;2;46;0;1;0;FALSE
3;3;18;2;1;0;FALSE
2;2;18;0;1;0;FALSE
2;2;6;0;1;0;FALSE
1;1;19;0;1;0;FALSE
4;4;37;0;1;0;FALSE
1;1;1;0;1;0;FALSE
1;1;2;0;1;0;FALSE
2;2;4;1;1;0;TRUE
1;1;1;0;1;0;FALSE
1;1;1;1;1;0;FALSE
2;2;104;1;1;0;FALSE
1;1;1;0;1;0;FALSE
1;1;1;0;1;0;FALSE
1;1;3;0;1;0;FALSE
2;3;12;7;1;4;FALSE
9;9;48;0;1;9;FALSE
1;1;15;1;1;0;FALSE
2;4;22;13;1;7;FALSE
49;49;47;50;1;0;FALSE
1;1;32;0;1;0;FALSE
3;5;62;18;1;7;FALSE
4;5;19;17;1;8;FALSE
1;1;0;1;1;1;FALSE
1;1;3;0;1;2;FALSE
2;2;28;13;1;0;FALSE
1;1;3;5;1;7;FALSE
1;1;71;0;1;0;FALSE
3;4;14;21;1;7;FALSE
2;2;7;5;1;1;FALSE
1;1;11;2;1;2;FALSE
1;1;12;2;1;0;FALSE
2;2;25;0;1;1;FALSE
1;1;1;1;1;1;FALSE
1;1;10;0;1;1;FALSE
1;1;21;0;1;0;FALSE
3;3;10;6;1;0;FALSE
1;1;7;0;1;0;FALSE
8;11;61;18;1;0;TRUE
2;2;13;0;1;0;TRUE
1;1;5;6;1;0;FALSE
1;1;3;3;1;0;FALSE
1;1;2;0;1;0;FALSE
2;2;4;0;1;0;FALSE
58;58;42;138;1;2;FALSE
2;14;1662;1606;1;0;FALSE
1;1;27;27;1;0;FALSE
1;1;5;0;1;0;FALSE
3;5;83;194;1;2;FALSE
1;1;5;1;1;1;FALSE
1;1;49;49;1;0;FALSE
1;1;1;1;1;0;FALSE
2;2;24;4;1;0;FALSE
1;1;2;0;1;0;FALSE
1;1;3;1;1;0;FALSE
4;4;0;0;2;7;FALSE
1;1;2;0;1;1;FALSE
3;3;17;5;1;0;FALSE
3;3;0;0;1;3;FALSE
1;1;2;2;1;0;FALSE
4;9;3;3;1;3;FALSE
3;12;8;16;1;0;FALSE
2;2;14;13;1;0;FALSE
2;2;36;0;1;0;FALSE
4;5;42;46;2;35;TRUE
3;4;105;56;1;32;TRUE
2;3;23;23;1;29;FALSE
4;5;12;31;1;28;FALSE
1;1;29;0;1;0;FALSE
2;3;11;16;1;23;FALSE
1;1;0;2;1;5;FALSE
1;2;1;290;1;15;FALSE
2;3;20;27;1;17;FALSE
2;3;12;19;1;14;FALSE
2;2;37;23;1;5;FALSE
2;3;74;12;1;9;FALSE
2;2;219;3;1;1;FALSE
44;44;0;44;1;0;FALSE
3;4;914;914;1;0;FALSE
2;2;3;0;1;0;FALSE
2;2;2;0;1;0;FALSE
1;1;4;0;1;5;FALSE
1;1;1;0;1;0;FALSE
1;1;5;0;1;0;FALSE
1;1;1;16;1;2;FALSE
1;1;0;1;1;4;FALSE
1;1;2;0;2;8;FALSE
1;1;2;2;1;1;FALSE
1;1;5;5;2;7;FALSE
3;4;35;3;2;29;TRUE
1;2;8;7;2;16;FALSE
1;1;4;4;2;4;FALSE
1;1;4;7;2;10;FALSE
2;2;19;13;2;19;FALSE
2;2;30;0;1;0;FALSE
2;3;16;16;2;12;FALSE
1;1;2;0;2;2;FALSE
1;3;40;10;2;7;FALSE
1;2;157;98;1;1;FALSE
1;1;135;0;1;0;FALSE
1;1;98;0;1;0;FALSE
1;1;28;3;2;1;FALSE
2;3;26;12;2;6;FALSE
4;4;53;0;1;0;FALSE
1;1;0;1;1;5;FALSE
2;2;0;31;1;0;FALSE
1;1;1;0;1;0;FALSE
1;1;7;10;1;0;FALSE
1;1;79;0;1;0;FALSE
2;2;103;1;2;3;TRUE
1;1;2;2;2;7;FALSE
1;1;17;0;1;2;FALSE
1;1;2;1;2;13;FALSE
1;1;1;0;1;1;FALSE
5;5;43;66;1;0;TRUE
1;1;5;0;1;1;FALSE
1;1;12;3;1;0;FALSE
1;1;14;0;1;0;FALSE
1;1;0;2;1;8;FALSE
1;1;1;1;1;4;FALSE
1;4;6;38;1;14;FALSE
1;1;1;1;1;0;FALSE
1;1;30;0;1;0;FALSE
1;1;1;0;1;0;FALSE
1;1;14;11;1;0;FALSE
2;2;8;5;1;0;FALSE
1;1;4;4;1;2;FALSE
1;1;0;1;1;6;FALSE
1;2;4;34;1;2;FALSE
1;1;9;14;1;0;FALSE
2;2;7;7;1;2;FALSE
1;1;4;4;1;0;FALSE
1;1;0;1;1;1;FALSE
1;1;66;27;1;0;TRUE
2;2;8;5;1;0;FALSE
1;1;27;18;1;0;FALSE
1;1;0;5;1;3;FALSE
1;2;1;1;1;2;FALSE
4;4;17;9;1;0;FALSE
1;1;2;2;1;1;FALSE
1;1;1;0;1;5;FALSE
1;1;1;0;1;4;FALSE
1;1;6;3;1;3;FALSE
1;1;1;0;1;3;FALSE
1;1;2;2;1;2;FALSE
1;1;2;2;1;1;FALSE
1;1;13;12;1;2;FALSE
1;1;66;54;1;1;FALSE
2;2;16;3;1;0;FALSE
3;3;6;6;1;9;FALSE
1;1;3;4;1;1;FALSE
1;1;7;2;1;0;FALSE
1;1;2;0;1;0;FALSE
1;1;7;1;1;1;FALSE
2;2;6;1;1;0;FALSE
1;2;1;1;1;0;FALSE
3;3;18;13;1;6;FALSE
3;3;6;6;1;3;FALSE
2;2;176;144;1;0;FALSE
2;2;8;4;1;0;FALSE
1;1;89;20;1;0;FALSE
3;3;42;14;1;0;FALSE
7;7;98;0;1;0;FALSE
1;1;0;0;1;1;FALSE
2;3;11;11;1;1;FALSE
22;22;17;25;1;0;FALSE
2;15;53;50;1;0;TRUE
2;2;11;4;1;0;FALSE
1;1;10;3;1;0;FALSE
1;1;13;0;1;0;FALSE
2;3;2;2;1;3;FALSE
2;2;0;0;1;0;FALSE
150;486;8;12158;;;FALSE
1;1;1;1;1;1;FALSE
2;2;54;44;1;0;FALSE
2;2;4;4;1;0;FALSE
1;1;17;7;1;0;TRUE
1;1;20;17;1;0;FALSE
1;1;2;2;1;0;FALSE
1;1;7;2;1;0;FALSE
2;2;37;4;1;0;FALSE
1;1;1;1;1;1;FALSE
3;3;18;0;1;0;FALSE
3;3;28;0;1;0;FALSE
57;57;104;0;1;0;FALSE
74;74;0;319;1;0;FALSE
1;1;31;36;1;2;FALSE
1;1;0;3;1;6;FALSE
1;1;2;2;1;1;FALSE
3;4;78;41;1;6;TRUE
1;1;0;1;1;1;FALSE
6;7;117;99;2;20;TRUE
3;3;12;3;1;0;FALSE
2;2;4;13;1;0;FALSE
2;2;1;2;1;3;FALSE
4;7;160;136;2;18;FALSE
1;1;2;1;2;1;FALSE
2;2;6;1;2;13;FALSE
1;3;9;9;1;5;FALSE
3;3;52;0;1;0;FALSE
3;3;360;279;2;16;FALSE
3;3;157;141;2;16;FALSE
1;1;2;1;2;1;FALSE
1;1;4;3;2;10;FALSE
2;2;79;74;2;10;TRUE
2;2;19;0;1;0;FALSE
2;3;286;146;2;8;FALSE
2;2;12;40;1;2;FALSE
1;1;0;30;1;0;FALSE
1;1;6;3;1;0;FALSE
1;4;110;85;1;2;FALSE
1;1;7;4;1;1;FALSE
2;2;14;7;1;0;FALSE
2;3;3;3;1;1;FALSE
3;3;5;5;1;0;FALSE
3;3;44;0;1;0;FALSE
6;8;51;0;1;0;FALSE
1;6;4;179;1;0;FALSE
2;2;9;2;1;0;FALSE
2;2;21;0;1;0;FALSE
1;1;13;0;1;2;FALSE
3;3;30;6;1;4;FALSE
9;12;104;156;1;1;FALSE
1;1;2;8;1;5;FALSE
69;69;762;0;1;5;FALSE
1;1;2;1;1;2;FALSE
3;3;55;27;1;0;FALSE
2;2;22;7;1;4;FALSE
2;2;17;3;1;1;FALSE
3;3;30;0;1;0;FALSE
1;1;1;1;1;0;FALSE
1;1;0;28;1;0;FALSE
1;1;47;56;1;0;TRUE
1;1;1;0;2;4;FALSE
1;1;3;2;2;3;FALSE
1;1;3;0;1;0;FALSE
3;3;54;131;2;4;FALSE
2;2;8;26;1;1;FALSE
1;1;12;6;1;0;FALSE
1;3;16;3;1;0;FALSE
2;2;40;17;1;1;FALSE
1;1;7;11;1;0;FALSE
1;1;3;0;1;0;FALSE
2;2;45;0;1;0;FALSE
3;3;101;0;1;0;FALSE
3;3;23;0;1;0;FALSE
2;2;9;1;1;0;FALSE
6;6;168;0;1;12;FALSE
2;2;21;1;1;2;FALSE
1;1;3;3;1;2;FALSE
1;1;1;1;1;2;FALSE
1;1;4;5;1;1;FALSE
1;1;2;5;1;1;FALSE
1;1;1;1;1;0;FALSE
3;6;26;25;1;0;TRUE
49;49;49;0;1;16;FALSE
1;1;7;1;1;8;FALSE
1;1;5;0;1;0;FALSE
2;2;10;5;1;0;FALSE
2;3;248;233;2;8;FALSE
1;1;18;0;1;0;FALSE
4;8;0;0;1;0;FALSE
4;8;0;0;1;0;FALSE
3;3;21;28;1;10;TRUE
2;2;4;0;1;0;FALSE
3;3;9;0;1;0;FALSE
1;1;2;0;1;0;FALSE
1;1;6;0;1;0;FALSE
7;7;13;0;1;2;FALSE
3;4;13;12;1;15;FALSE
1;1;19;19;1;1;FALSE
1;1;1;1;1;5;FALSE
1;1;1;1;1;0;FALSE
1;1;7;7;1;4;FALSE
1;1;7;7;1;3;FALSE
1;1;18;14;1;2;FALSE
5;5;135;59;1;8;TRUE
3;3;103;0;1;2;FALSE
1;1;3;3;1;0;FALSE
1;1;4;6;1;5;FALSE
1;1;1;0;1;0;FALSE
1;1;1;1;1;5;FALSE
1;1;1;1;1;4;FALSE
1;1;23;23;1;0;FALSE
2;2;2;2;1;6;FALSE
2;2;79;0;1;0;FALSE
2;2;7;1;1;7;FALSE
3;3;72;64;1;9;TRUE
1;1;1;1;1;2;FALSE
1;1;72;0;1;0;FALSE
3;3;51;1;1;0;FALSE
2;2;16;18;1;5;FALSE
2;2;8;3;1;4;TRUE
1;1;3;1;1;0;FALSE
1;1;4;2;1;1;FALSE
1;1;33;0;1;0;FALSE
2;2;7;5;1;1;FALSE
3;3;60;39;1;2;TRUE
2;2;2;0;1;0;FALSE
1;1;0;1;1;2;FALSE
1;1;1;1;1;1;FALSE
2;2;16;12;1;1;FALSE
2;2;12;1;1;0;TRUE
1;1;67;0;1;0;FALSE
5;5;47;20;1;0;FALSE
2;2;2;0;1;0;FALSE
2;2;40;0;1;0;FALSE
1;2;5;14;1;0;FALSE
3;3;30;0;1;0;FALSE
1;1;1;0;1;0;FALSE
1;1;1;0;1;0;FALSE
12;12;19;6;1;0;FALSE
8;8;222;2;1;0;FALSE
1;1;1;1;1;0;FALSE
2;2;119;0;1;0;FALSE
1;1;7;0;1;0;FALSE
2;2;31;0;1;0;FALSE
1;1;3;0;1;0;FALSE
3;3;62;12;1;0;FALSE
1;1;1;0;1;0;FALSE
1;1;1;0;1;0;FALSE
7;7;10;1;1;0;FALSE
63;63;0;190;1;0;FALSE
2;6;60;7;1;0;TRUE
1;1;1;1;1;0;FALSE
1;1;10;0;1;0;FALSE
3;3;77;0;1;0;FALSE
1;1;0;0;1;0;FALSE
4;4;34;7;1;0;FALSE
4;4;51;0;1;0;FALSE
1;1;10;0;1;0;FALSE
7;7;58;0;1;0;FALSE
62;62;257;1;1;0;FALSE
61;61;191;58;1;0;FALSE
69;69;0;1801;1;0;FALSE
2;2;11;3;1;0;FALSE
3;3;15;1;1;0;FALSE
2;2;8;0;1;0;FALSE
2;2;6;0;1;0;FALSE
71;71;336;3;1;0;FALSE
20;20;0;40;1;0;FALSE
1;1;0;8;1;0;FALSE
1;1;2;2;1;0;FALSE
1;1;11;11;1;0;FALSE
1;1;12;12;1;0;FALSE
1;1;2;0;1;0;FALSE
2;2;12;3;1;0;FALSE
1;1;8;3;1;0;FALSE
1;1;13;0;1;0;FALSE
1;1;2;0;1;0;FALSE
2;2;5;0;1;0;FALSE
3;3;48;1;1;0;FALSE
2;2;4;0;1;0;FALSE
1;1;2;2;1;0;FALSE
2;2;0;0;1;0;FALSE
1;1;52;0;1;0;FALSE
7;7;61;0;1;0;FALSE
2;2;11;0;1;0;FALSE
1;1;7;0;1;0;FALSE
1;1;4;4;1;0;FALSE
1;1;3;0;1;0;FALSE
1;1;20;0;1;0;FALSE
1;1;6;0;1;0;FALSE
3;3;44;0;1;0;FALSE
1;1;2;0;1;0;FALSE
1;2;4;9;1;0;FALSE
6;8;377;9;1;0;TRUE
1;1;4;4;1;0;FALSE
3;3;16;0;1;0;FALSE
1;1;3;0;1;0;FALSE
1;1;14;0;1;0;FALSE
7;7;45;0;1;0;FALSE
1;1;2;2;1;0;FALSE
1;1;16;0;1;0;FALSE
1;1;1;1;1;0;FALSE
2;2;9;3;1;0;FALSE
1;1;6;0;1;0;FALSE
1;1;3;0;1;0;FALSE
1;1;1;1;1;0;FALSE
2;5;23;17;1;0;FALSE
4;4;27;0;1;0;FALSE
1;1;1;1;1;1;FALSE
1;1;1;1;1;0;FALSE
1;1;2;0;1;0;FALSE
2;2;78;0;1;0;FALSE
1;1;6;0;1;0;FALSE
1;1;1;0;1;0;FALSE
1;1;10;0;1;0;FALSE
76;76;299;0;1;61;FALSE
61;61;0;150;1;0;FALSE
1;1;1;1;1;0;FALSE
4;5;52;17;2;17;FALSE
1;1;1;1;2;5;FALSE
2;2;4;0;1;0;FALSE
1;1;15;0;1;0;FALSE
1;1;11;0;1;0;FALSE
1;1;5;0;1;0;FALSE
6;7;137;59;2;30;TRUE
1;1;2;2;1;0;FALSE
1;1;1;1;1;1;FALSE
1;1;1;0;1;0;FALSE
4;4;56;14;2;20;FALSE
3;5;11;37;2;17;TRUE
1;1;12;4;2;3;FALSE
2;2;33;5;2;11;FALSE
5;5;70;81;1;16;TRUE
1;1;3;0;1;0;FALSE
1;1;111;48;1;6;FALSE
9;15;36;204;2;23;FALSE
1;1;61;27;1;5;FALSE
6;6;314;51;1;11;TRUE
4;4;73;6;2;16;TRUE
7;8;414;140;1;0;TRUE
2;2;18;0;1;0;FALSE
1;1;8;0;1;0;FALSE
1;1;1;0;1;1;FALSE
6;7;100;56;1;0;TRUE
1;1;20;0;1;0;FALSE
8;8;38;0;1;0;FALSE
48;48;177;2;1;21;FALSE
44;44;123;64;1;0;FALSE
1;1;1;1;1;0;FALSE
9;12;331;50;1;9;TRUE
2;2;0;11;1;0;FALSE
1;1;1;1;1;0;FALSE
3;3;8;1;1;0;FALSE
3;7;13;12;1;8;TRUE
6;10;89;29;1;1;TRUE
4;4;368;97;1;1;FALSE
3;3;12;0;1;0;FALSE
1;1;79;84;1;0;FALSE
3;3;9;0;1;0;FALSE
5;5;15;0;1;0;FALSE
68;68;0;219;1;0;FALSE
1;1;1;1;1;0;FALSE
2;2;18;0;1;0;FALSE
1;1;1;1;1;0;FALSE
1;1;31;0;1;0;FALSE
1;1;1;0;1;0;FALSE
2;2;7;0;1;0;FALSE
1;1;1;0;1;0;FALSE
1;1;1;0;1;0;FALSE
1;1;1;0;1;0;FALSE
3;3;3;0;1;0;FALSE
1;1;1;0;1;0;FALSE
3;3;313;57;1;0;FALSE
3;3;97;1;1;0;FALSE
2;2;6;5;1;0;FALSE
1;1;1;0;1;0;FALSE
3;3;33;3;1;0;FALSE
5;5;6;0;1;0;FALSE
1;1;8;0;1;0;FALSE
3;3;16;4;1;0;FALSE
2;2;15;2;1;0;FALSE
4;4;108;1;1;0;FALSE
1;1;18;0;1;0;FALSE
1;1;13;0;1;0;FALSE
2;2;312;36;1;0;FALSE
1;1;0;10;1;1;FALSE
6;6;49;0;1;0;FALSE
2;2;28;1;1;0;FALSE
1;1;5;5;1;0;FALSE
1;1;4;0;1;0;FALSE
1;1;1;1;1;0;FALSE
1;1;4;0;1;0;FALSE
1;1;5;0;1;0;FALSE
2;2;16;0;1;0;FALSE
10;10;24;0;1;0;FALSE
60;60;193;0;1;0;FALSE
1;1;0;1;1;1;FALSE
1;1;4;2;1;0;FALSE
1;1;1;0;1;0;FALSE
6;6;25;0;1;0;FALSE
69;69;64;234;1;0;FALSE
1;1;1;1;1;0;FALSE
1;1;16;0;1;0;FALSE
1;1;4;0;1;0;FALSE
2;2;8;0;1;0;FALSE
1;1;7;0;1;0;FALSE
1;1;0;0;1;0;FALSE
1;1;1;1;1;0;FALSE
1;1;7;0;1;0;FALSE
4;4;26;0;1;0;FALSE
3;3;37;0;1;0;FALSE
3;3;9;0;1;9;FALSE
3;3;9;0;1;0;FALSE
5;62;549;214;1;0;FALSE
5;5;21;1;1;5;FALSE
5;5;21;1;1;0;FALSE
15;15;33;0;1;17;FALSE
15;15;33;0;1;0;FALSE
70;70;105;199;1;3;FALSE
1;1;0;1;1;0;FALSE
1;1;16;2;1;0;FALSE
1;1;5;0;1;0;FALSE
1;1;5;0;1;0;FALSE
1;1;5;0;1;0;FALSE
2;2;23;0;5;27;FALSE
1;1;3;0;5;9;FALSE
2;2;18;8;5;25;FALSE
1;1;5;0;5;12;FALSE
10;10;56;1;5;102;FALSE
1;1;1;0;5;10;FALSE
5;5;15;1;5;48;FALSE
1;5;18;20;3;20;FALSE
1;1;1;1;2;15;FALSE
54;54;2;209;5;397;FALSE
1;1;2;2;5;7;FALSE
1;1;1;1;2;13;FALSE
1;2;2;2;2;13;FALSE
1;1;16;0;1;3;FALSE
2;2;13;2;5;1;FALSE
2;2;2;2;1;0;FALSE
2;2;3;2;2;15;FALSE
1;1;1;1;2;11;FALSE
1;1;1;1;2;10;FALSE
4;4;54;35;1;29;FALSE
1;1;1;0;1;4;FALSE
1;1;9;0;1;4;FALSE
1;1;0;1;4;10;FALSE
1;1;20;0;1;4;FALSE
1;1;13;1;1;0;FALSE
22;22;41;0;1;96;FALSE
60;60;50;56;1;218;FALSE
2;2;22;0;1;9;FALSE
1;1;10;0;5;4;FALSE
57;57;111;121;5;345;FALSE
11;18;153;156;4;42;TRUE
1;1;0;3;1;8;FALSE
1;1;1;2;1;7;FALSE
1;1;4;5;1;1;FALSE
2;2;37;0;1;5;FALSE
1;1;1;1;1;12;FALSE
58;58;115;115;5;292;FALSE
2;2;42;11;1;9;FALSE
2;2;31;0;1;9;FALSE
1;1;9;0;1;6;FALSE
1;1;9;0;1;5;FALSE
1;1;10;0;1;4;FALSE
1;1;0;1;1;6;FALSE
3;3;20;2;1;24;FALSE
1;1;26;7;1;0;FALSE
2;2;11;3;5;9;FALSE
1;1;9;11;1;5;FALSE
1;1;4;2;2;3;TRUE
9;9;82;0;1;56;FALSE
1;1;2;1;1;4;FALSE
1;1;5;2;1;3;FALSE
1;1;8;9;1;2;FALSE
1;1;1;0;2;4;TRUE
2;2;21;11;2;2;TRUE
1;1;33;0;1;1;TRUE
1;1;0;1;2;2;FALSE
1;2;16;2;1;0;FALSE
1;1;9;1;2;4;FALSE
1;2;2;23;2;8;FALSE
2;3;32;3;2;7;TRUE
2;2;2;15;1;4;FALSE
2;2;15;2;1;2;FALSE
1;1;2;4;1;1;FALSE
1;1;16;0;1;0;FALSE
2;2;3;1;3;5;FALSE
1;1;1;1;2;3;FALSE
1;1;1;0;1;0;FALSE
55;55;10;252;1;142;FALSE
1;1;0;10;1;1;FALSE
1;1;1;1;2;9;FALSE
1;1;11;0;1;0;FALSE
3;3;22;0;1;6;FALSE
3;3;21;3;1;7;FALSE
2;2;8;1;1;10;FALSE
1;1;1;0;1;4;FALSE
3;3;28;2;1;5;FALSE
4;4;9;0;1;16;FALSE
1;1;1;1;1;1;FALSE
1;1;1;1;1;0;FALSE
2;2;2;1;1;9;FALSE
1;1;1;1;2;7;FALSE
5;5;27;2;1;20;FALSE
6;6;6;0;1;24;FALSE
4;24;0;0;1;0;FALSE
6;29;0;0;1;0;FALSE
18;18;7;15;1;50;FALSE
1;1;2;2;1;0;FALSE
1;1;2;2;1;1;FALSE
1;1;1;1;1;5;FALSE
1;1;1;1;1;0;FALSE
1;1;1;1;1;0;FALSE
2;2;2;1;1;7;FALSE
1;1;11;1;1;1;FALSE
2;2;13;0;1;5;FALSE
2;2;31;23;2;2;FALSE
3;3;4;4;1;4;FALSE
3;3;25;5;2;8;TRUE
10;10;18;0;1;20;FALSE
4;4;32;0;1;5;FALSE
1;1;1;1;1;3;FALSE
12;12;108;0;1;16;FALSE
1;1;1;1;1;2;FALSE
1;1;1;1;1;1;FALSE
109;109;436;34;1;8;FALSE
1;1;0;1;1;4;FALSE
1;1;0;2;1;3;FALSE
1;1;1;1;1;0;FALSE
1;1;2;1;1;2;FALSE
1;1;1;0;1;0;FALSE
1;2;163;84;1;0;FALSE
3;3;23;4;1;1;FALSE
3;3;5;0;1;0;FALSE
1;1;14;1;1;0;FALSE
1;1;1;0;1;0;FALSE
1;1;1;1;20;203;FALSE
2;4;37;9;20;380;FALSE
2;2;3;0;19;202;FALSE
7;7;8;1;19;675;FALSE
1;2;6;0;2;6;FALSE
1;1;1;1;1;1;FALSE
1;1;15;0;1;0;FALSE
1;1;11;0;19;110;FALSE
1;1;1;1;1;4;FALSE
3;7;59;12;1;26;FALSE
1;1;103;19;19;38;FALSE
2;2;8;0;1;0;FALSE
2;2;0;0;1;2;FALSE
5;6;1;22;1;8;FALSE
2;2;0;0;1;0;FALSE
1;1;0;0;1;0;FALSE
3;4;22;0;1;0;FALSE
1;1;1;0;1;1;FALSE
1;1;50;0;1;0;FALSE
2;2;79;12;19;119;FALSE
2;3;54;58;20;505;TRUE
1;1;16;15;1;7;FALSE
1;1;1;1;20;201;FALSE
1;1;7;1;20;79;TRUE
1;1;24;9;20;19;FALSE
2;2;12;1;19;59;FALSE
1;1;1;1;20;325;FALSE
2;2;3;1;20;218;FALSE
1;1;1;0;20;259;FALSE
4;5;35;8;20;336;TRUE
3;3;13;0;19;66;FALSE
1;1;2;0;20;97;FALSE
1;1;5;1;20;56;FALSE
1;1;4;0;20;322;TRUE
1;1;2;2;19;89;FALSE
1;1;1;0;19;54;FALSE
3;6;147;7;1;18;FALSE
3;4;9;28;20;501;TRUE
4;5;151;139;20;362;FALSE
1;1;2;0;20;91;FALSE
1;1;4;145;20;318;FALSE
1;2;19;6;20;407;TRUE
3;14;195;65;1;32;FALSE
1;2;17;7;20;405;FALSE
2;3;17;55;20;479;FALSE
3;3;5;3;20;163;TRUE
2;6;200;110;19;5;FALSE
4;7;340;256;20;509;TRUE
3;3;13;0;19;202;FALSE
1;1;0;2;20;8;FALSE
1;1;4;2;20;7;FALSE
3;3;13;52;20;8;FALSE
1;1;53;45;20;313;FALSE
1;1;1;15;20;15;FALSE
1;1;0;9;13;5;FALSE
0;0;0;0;0;0;TRUE
1;1;1;1;20;198;FALSE
3;3;113;4;20;5;FALSE
2;2;8;0;1;0;FALSE
1;1;1;1;19;22;FALSE
1;1;1;1;20;197;FALSE
82;411;5473;4;;;TRUE
2;2;0;0;1;0;FALSE
5;7;373;198;20;592;TRUE
3;4;31;20;20;680;FALSE
1;3;0;14;20;362;FALSE
1;1;2;1;19;125;FALSE
9;14;113;89;20;1278;TRUE
8;14;101;84;20;472;TRUE
2;3;66;2;1;4;FALSE
2;2;2;1;19;213;FALSE
2;2;80;40;20;12;FALSE
1;1;12;0;19;64;FALSE
3;5;21;9;20;555;FALSE
3;3;3;0;19;323;FALSE
6;6;11;0;19;600;FALSE
1;2;1;2;20;10;FALSE
1;1;11;0;19;81;FALSE
1;1;1;1;20;196;FALSE
4;6;113;181;20;382;FALSE
8;38;571;422;20;1471;TRUE
1;1;21;1;19;49;FALSE
4;44;1228;166;1;51;FALSE
3;5;13;14;20;34;FALSE
1;1;1;1;20;195;FALSE
1;3;97;88;20;127;TRUE
1;1;4;4;1;3;FALSE
1;1;31;0;19;39;FALSE
4;4;192;14;19;289;FALSE
1;1;1;1;20;78;FALSE
1;1;12;4;20;77;FALSE
2;2;2;1;1;2;FALSE
1;2;29;18;20;77;FALSE
1;1;6;3;20;23;FALSE
1;1;1;1;20;194;FALSE
8;74;2625;1775;1;65;TRUE
5;21;385;148;1;42;FALSE
3;3;118;0;19;156;FALSE
4;4;33;1;19;479;FALSE
8;8;62;0;19;772;FALSE
1;1;1;1;20;52;FALSE
2;2;2;0;19;191;FALSE
1;1;10;10;20;252;FALSE
1;1;13;2;1;1;FALSE
62;62;9;611;19;3692;FALSE
1;1;2;4;20;6;FALSE
1;1;2;4;20;4;FALSE
2;2;21;13;20;39;FALSE
1;1;0;20;20;5;FALSE
1;1;4;0;20;3;FALSE
1;1;18;18;20;4;FALSE
2;2;9;12;20;5;FALSE
1;1;162;209;20;2;FALSE
3;4;339;345;20;114;TRUE
1;1;5;4;20;13;TRUE
1;1;1;0;20;51;FALSE
1;1;19;0;20;3;FALSE
6;9;681;692;20;611;FALSE
3;3;28;9;20;343;FALSE
1;1;2;0;19;47;FALSE
1;1;1;1;19;95;FALSE
1;1;3;1;20;1;TRUE
2;3;19;35;20;423;FALSE
4;8;85;78;20;532;TRUE
3;3;86;30;20;283;TRUE
1;1;12;12;19;91;FALSE
1;1;76;83;20;31;TRUE
4;7;132;94;20;523;FALSE
2;2;168;58;20;29;FALSE
1;1;1;1;19;120;FALSE
1;1;60;3;20;28;FALSE
1;1;1;3;20;82;FALSE
3;3;222;64;19;99;FALSE
1;1;1;1;19;119;FALSE
1;1;1;1;19;79;FALSE
1;1;1;1;20;193;FALSE
1;1;2;2;19;31;FALSE
3;3;16;10;20;364;FALSE
1;1;141;137;20;65;TRUE
2;2;17;0;19;131;FALSE
1;1;4;0;19;61;FALSE
3;3;9;7;20;361;FALSE
2;2;22;82;20;302;FALSE
2;2;112;113;20;300;FALSE
1;1;1;9;20;64;FALSE
1;1;15;5;20;63;FALSE
1;1;1;1;19;118;FALSE
1;1;9;25;20;62;TRUE
2;12;38;2;1;16;FALSE
1;1;1;1;20;61;FALSE
1;1;27;28;20;60;FALSE
3;3;93;1;20;356;TRUE
4;5;114;5;20;486;TRUE
1;1;1;6;20;57;FALSE
1;1;17;11;20;56;FALSE
1;1;1;1;19;117;FALSE
4;6;12;200;20;225;FALSE
1;1;0;13;20;14;FALSE
1;1;11;10;20;55;FALSE
2;2;61;8;20;77;TRUE
1;1;1;1;20;188;FALSE
1;1;1;1;20;187;FALSE
1;1;1;1;20;186;FALSE
1;1;1;0;19;26;FALSE
1;1;1;1;20;185;FALSE
1;1;0;2;20;34;FALSE
5;28;1016;295;1;12;TRUE
1;1;12;1;19;55;FALSE
1;1;2;0;19;54;FALSE
1;1;2;0;19;90;FALSE
1;1;2;0;19;62;FALSE
3;3;13;12;19;237;FALSE
2;2;23;0;19;91;FALSE
1;1;5;1;20;32;FALSE
1;1;2;0;19;92;FALSE
1;1;1;1;19;115;FALSE
2;2;7;0;19;147;FALSE
63;63;66;0;19;3572;FALSE
1;1;1;6;20;31;FALSE
1;1;0;1;19;210;FALSE
1;1;2;2;19;30;FALSE
1;1;2;2;19;209;FALSE
2;3;4;1;20;275;FALSE
1;1;4;1;20;295;TRUE
1;1;1;1;20;183;FALSE
1;1;10;7;20;30;TRUE
3;3;8;0;19;190;FALSE
2;2;2;2;20;231;FALSE
3;3;4;4;20;258;TRUE
10;27;48;51;20;1162;FALSE
1;1;19;1;20;27;FALSE
1;1;0;56;20;27;FALSE
3;3;5;0;19;153;FALSE
1;1;2;0;19;106;FALSE
54;54;55;0;19;2496;FALSE
12;12;35;0;19;1107;FALSE
54;54;0;54;19;3324;FALSE
1;1;13;2;19;36;FALSE
9;11;112;69;20;672;TRUE
1;1;17;2;1;1;FALSE
4;4;15;1;19;220;FALSE
2;2;5;1;19;139;FALSE
1;1;1;1;19;124;FALSE
1;1;2;0;19;123;FALSE
9;25;405;235;20;1362;TRUE
1;1;20;11;20;125;FALSE
5;18;913;0;1;0;FALSE
1;1;2;0;19;35;FALSE
18;18;37;0;19;1592;FALSE
2;2;4;0;19;83;FALSE
1;1;2;0;19;49;FALSE
1;1;1;1;20;174;FALSE
1;1;1;1;20;248;FALSE
1;1;1;1;20;173;FALSE
3;3;158;39;19;229;FALSE
2;2;38;9;19;114;FALSE
5;7;62;21;20;525;TRUE
5;5;1280;1296;20;260;FALSE
1;1;6;1;20;73;TRUE
5;5;119;6;20;419;TRUE
1;1;33;0;1;0;FALSE
39;199;646;302;20;4084;TRUE
21;84;363;396;19;2616;TRUE
1;1;1;1;19;169;FALSE
1;1;2;2;19;91;FALSE
1;1;1;0;19;32;FALSE
1;1;19;15;19;121;FALSE
1;1;1;0;19;109;FALSE
2;2;3;0;19;154;FALSE
2;2;2;0;19;177;FALSE
1;1;1;0;19;87;FALSE
12;12;20;0;19;965;FALSE
3;3;28;0;19;140;FALSE
1;1;6;2;19;45;TRUE
2;2;3;1;19;131;FALSE
2;4;72;191;19;225;FALSE
4;4;5;3;19;399;FALSE
16;16;16;1;19;1446;FALSE
2;4;47;35;19;322;FALSE
1;2;7;21;19;106;FALSE
15;15;48;36;19;1100;FALSE
3;6;177;201;19;421;FALSE
1;1;20;0;1;0;FALSE
2;3;46;7;19;308;FALSE
4;7;139;57;19;835;FALSE
1;1;1;1;19;106;FALSE
1;1;6;0;1;0;FALSE
3;5;52;34;19;598;FALSE
2;2;6;1;19;158;FALSE
2;2;15;3;19;124;FALSE
0;0;0;0;0;0;TRUE
2;3;56;16;19;161;FALSE
3;3;7;3;19;259;FALSE
3;3;14;11;19;172;FALSE
1;1;10;4;19;150;FALSE
4;4;63;35;19;290;FALSE
4;5;66;68;19;842;TRUE
1;1;40;0;19;23;FALSE
1;1;105;0;1;0;TRUE
2;2;22;15;19;297;TRUE
1;1;19;12;19;135;FALSE
1;1;14;3;19;21;FALSE
2;2;20;3;19;112;FALSE
3;3;11;3;19;241;FALSE
3;3;7;5;19;227;FALSE
1;1;1;1;19;162;FALSE
3;3;20;4;19;289;FALSE
1;1;4;2;19;42;FALSE
43;43;92;0;19;2822;FALSE
3;5;153;9;19;589;TRUE
43;43;4;96;19;2779;FALSE
43;43;2;92;19;2735;FALSE
2;2;2;5;19;264;FALSE
1;1;3;14;19;20;FALSE
2;2;5;7;19;236;FALSE
4;6;36;90;19;65;FALSE
1;1;19;6;19;138;TRUE
1;1;151;144;19;137;TRUE
1;1;35;12;19;105;FALSE
1;1;1;0;19;84;FALSE
3;3;3;0;19;184;FALSE
4;5;70;5;19;176;FALSE
3;4;0;0;16;12;FALSE
1;1;1;1;19;206;FALSE
5;12;0;0;16;20;FALSE
2;2;18;64;19;46;FALSE
2;3;12;10;19;175;FALSE
19;19;56;15;19;1504;FALSE
1;1;2;2;19;111;FALSE
2;2;2;39;19;135;TRUE
1;2;19;16;19;13;FALSE
1;1;6;0;19;59;FALSE
1;1;2;2;1;5;FALSE
1;1;1;2;1;4;FALSE
1;1;173;0;1;0;FALSE
1;1;1;1;1;2;FALSE
1;1;1;1;1;3;FALSE
2;2;5;0;20;11;FALSE
2;15;617;0;1;14;FALSE
2;4;139;129;19;150;TRUE
1;2;66;12;19;9;FALSE
2;3;39;39;19;168;FALSE
1;1;2;2;19;205;FALSE
4;7;108;144;19;332;TRUE
1;1;1;1;19;97;FALSE
1;1;1;1;19;159;FALSE
1;2;241;200;19;69;TRUE
3;4;84;33;19;442;TRUE
1;1;3;2;19;2;FALSE
3;4;44;27;19;196;TRUE
7;9;311;111;19;796;TRUE
5;7;991;991;19;75;TRUE
2;2;22;3;19;120;FALSE
1;1;11;0;19;87;TRUE
1;1;6;0;19;86;FALSE
6;9;29;18;19;733;FALSE
4;6;1;31;19;430;FALSE
1;1;12;9;16;17;FALSE
1;1;1;1;19;158;FALSE
3;3;4;1;19;180;FALSE
2;14;415;0;1;0;FALSE
3;3;2;2;19;38;FALSE
3;3;42;51;19;278;TRUE
7;8;12;35;19;342;TRUE
3;5;46;1;19;371;FALSE
8;14;45;58;19;1244;TRUE
2;2;31;2;19;68;FALSE
1;1;1;1;19;156;FALSE
1;1;4;4;19;99;TRUE
2;2;3;3;19;5;FALSE
1;1;12;11;19;75;FALSE
1;1;132;62;19;44;FALSE
1;1;4;0;19;43;FALSE
2;2;56;48;19;127;FALSE
4;4;14;5;19;212;FALSE
4;4;61;53;19;289;FALSE
1;2;11;1;19;337;TRUE
3;3;23;21;19;281;FALSE
2;2;16;12;19;127;FALSE
1;1;12;6;19;12;FALSE
3;4;129;220;19;165;TRUE
1;1;1;1;19;244;FALSE
1;1;3;2;19;93;FALSE
2;2;6;5;19;174;FALSE
1;1;1;7;19;20;FALSE
1;1;4;0;19;104;TRUE
3;3;8;1;19;349;FALSE
1;1;5;1;19;15;FALSE
2;2;18;8;19;184;TRUE
2;2;1;2;19;257;FALSE
2;2;8;5;19;255;FALSE
1;1;1;1;19;83;FALSE
1;1;17;17;19;82;FALSE
14;33;716;155;19;1396;TRUE
5;5;22;2;19;305;FALSE
1;1;24;0;19;63;FALSE
3;3;39;37;19;201;FALSE
2;2;7;4;19;111;FALSE
1;1;1;2;19;18;FALSE
5;6;8;23;19;651;FALSE
3;3;13;3;19;181;FALSE
5;5;28;0;19;280;FALSE
1;1;2;2;19;237;FALSE
2;2;4;2;19;177;FALSE
1;1;21;9;19;14;FALSE
2;3;269;249;19;136;TRUE
2;2;19;10;19;19;TRUE
5;6;90;66;19;509;TRUE
2;2;37;34;19;183;FALSE
43;43;60;0;19;2631;FALSE
1;2;25;8;19;289;TRUE
1;1;4;0;19;44;FALSE
1;1;2;1;19;8;FALSE
2;2;14;0;19;72;FALSE
2;2;2;1;19;253;FALSE
2;2;17;0;19;10;FALSE
2;2;24;0;19;74;FALSE
2;2;7;0;19;146;FALSE
1;1;8;0;19;41;FALSE
1;1;1;0;19;90;FALSE
3;3;4;4;19;150;FALSE
3;3;40;20;19;336;FALSE
2;2;64;47;19;131;FALSE
1;1;1;1;19;41;FALSE
1;1;1;6;19;81;FALSE
3;3;54;37;19;190;TRUE
1;1;3;0;16;5;FALSE
6;6;54;1;19;251;FALSE
1;1;5;2;19;96;FALSE
1;1;13;6;19;80;FALSE
3;3;100;36;19;170;TRUE
3;3;52;8;19;162;FALSE
3;3;6;0;19;270;FALSE
1;1;3;3;19;95;TRUE
1;1;2;0;19;76;FALSE
2;2;4;0;19;194;FALSE
10;10;49;21;19;803;FALSE
1;2;200;176;19;138;TRUE
1;1;1;1;16;4;FALSE
1;1;17;32;19;56;TRUE
30;30;1;58;19;2088;FALSE
2;2;163;13;19;145;TRUE
2;2;29;15;19;85;TRUE
1;1;19;20;19;92;FALSE
1;1;8;1;16;21;FALSE
2;2;150;124;19;83;TRUE
2;3;527;526;19;143;FALSE
1;1;9;5;1;3;TRUE
1;1;3;0;16;2;FALSE
1;1;10;117;1;2;TRUE
3;3;180;147;19;210;TRUE
1;1;3;0;19;74;FALSE
3;3;13;4;19;297;TRUE
1;1;18;1;1;1;FALSE
1;1;609;0;1;0;TRUE
3;5;624;624;19;449;FALSE
2;2;2;0;19;153;FALSE
5;5;5;2;19;446;FALSE
1;1;2;0;19;15;FALSE
1;1;1;0;19;87;FALSE
1;1;4;6;16;69;FALSE
65;65;100;2;19;3060;FALSE
66;66;189;67;19;3015;FALSE
4;4;0;8;19;262;FALSE
1;1;1;1;19;155;FALSE
2;3;22;20;19;147;TRUE
3;3;24;119;19;182;FALSE
1;1;4;4;19;274;FALSE
1;1;0;2;19;21;FALSE
1;1;2;23;19;8;TRUE
2;2;1;7;16;111;FALSE
1;1;6;22;19;93;TRUE
2;3;15;17;19;165;TRUE
4;4;300;27;19;246;FALSE
1;1;0;1;19;34;FALSE
1;1;18;0;19;91;FALSE
1;1;14;2;19;90;FALSE
1;1;2;2;19;10;FALSE
1;1;1;1;19;154;FALSE
2;2;2;1;19;92;FALSE
1;1;14;9;19;52;FALSE
1;1;3;2;19;5;FALSE
2;5;18;31;19;472;TRUE
4;7;32;82;19;671;FALSE
1;1;1;1;19;153;FALSE
4;11;8;166;20;44;FALSE
1;1;6;8;16;139;FALSE
3;4;46;22;19;51;TRUE
1;1;1;1;19;152;FALSE
1;1;1;1;19;151;FALSE
1;1;1;1;19;150;FALSE
1;1;2;3;19;24;FALSE
4;10;163;4;20;9;FALSE
1;1;10;9;16;138;TRUE
1;1;1;1;19;149;FALSE
1;1;1;1;16;82;FALSE
1;1;299;0;19;81;FALSE
2;3;158;5;19;128;TRUE
2;2;26;0;16;74;FALSE
1;1;0;2;16;32;FALSE
1;1;1;1;19;148;FALSE
1;1;1;1;19;147;FALSE
1;1;1;1;2;3;FALSE
1;1;2;2;12;28;FALSE
1;1;2;2;19;203;FALSE
2;2;16;3;19;252;FALSE
3;3;31;5;19;162;FALSE
1;1;31;31;16;71;FALSE
5;5;68;4;19;374;TRUE
1;1;2;0;19;2;FALSE
2;3;8;5;19;140;FALSE
4;13;1;31;19;60;TRUE
1;1;6;6;19;80;FALSE
2;4;44;21;19;50;FALSE
2;2;51;1;16;35;FALSE
1;1;0;36;14;1;FALSE
4;7;695;533;19;489;TRUE
2;2;32;39;16;79;FALSE
1;1;41;41;16;77;FALSE
1;1;1;1;19;146;FALSE
1;1;1;1;19;145;FALSE
0;0;0;0;0;0;TRUE
5;6;169;143;19;483;TRUE
1;1;2;2;16;78;FALSE
67;67;69;2;16;2937;FALSE
1;1;6;6;16;75;FALSE
3;3;62;9;19;337;TRUE
1;1;8;21;16;266;TRUE
3;3;21;7;19;335;TRUE
1;1;11;2;16;265;TRUE
3;3;29;19;16;191;FALSE
2;2;106;49;16;302;TRUE
2;2;12;12;16;143;FALSE
1;1;2;2;7;3;FALSE
3;3;11;5;16;175;FALSE
4;4;20;13;16;268;FALSE
4;4;7;1;16;290;FALSE
1;1;135;12;16;262;TRUE
1;1;10;2;16;261;FALSE
10;10;20;0;16;767;FALSE
1;1;2;4;19;9;TRUE
4;5;30;124;19;169;TRUE
1;1;6;0;16;62;FALSE
1;1;19;2;16;263;TRUE
1;1;11;2;16;260;FALSE
1;1;9;0;16;70;FALSE
3;3;6;17;16;116;FALSE
3;3;28;7;16;23;FALSE
1;1;5;1;16;7;FALSE
1;2;2;1;19;153;FALSE
1;1;1;1;19;2;FALSE
3;3;100;20;16;250;TRUE
1;1;7;0;16;73;FALSE
1;1;21;16;16;13;FALSE
1;1;8;0;16;42;FALSE
5;5;172;146;16;532;TRUE
2;2;11;4;16;246;FALSE
4;4;7;74;19;68;FALSE
3;3;75;69;16;72;TRUE
2;2;9;22;16;244;FALSE
2;2;76;68;16;69;TRUE
1;1;10;0;16;59;FALSE
2;2;6;30;17;49;FALSE
2;2;74;66;19;38;TRUE
0;0;0;0;0;0;TRUE
1;1;7;0;16;65;FALSE
7;7;81;2;16;475;FALSE
1;1;34;20;16;2;TRUE
2;2;8;0;16;142;FALSE
1;1;5;6;16;93;TRUE
11;11;71;0;16;763;FALSE
1;1;66;0;16;64;TRUE
107;107;218;0;16;3033;FALSE
1;1;0;1;16;16;FALSE
1;2;452;2;16;158;TRUE
0;0;0;0;0;0;TRUE
1;1;2;2;12;27;FALSE
1;1;2;2;14;201;FALSE
2;2;6;6;16;164;FALSE
3;3;17;0;16;202;FALSE
1;1;1;0;16;91;FALSE
0;0;0;0;0;0;TRUE
5;5;41;0;16;298;FALSE
2;2;3;1;16;224;FALSE
2;3;1;3;16;254;FALSE
6;7;5;39;16;333;FALSE
2;3;8;15;16;77;FALSE
4;4;24;3;16;203;FALSE
0;0;0;0;0;0;TRUE
51;51;117;12;16;2495;FALSE
2;3;25;59;16;87;TRUE
2;2;0;4;16;130;FALSE
29;29;7;29;16;1783;FALSE
3;3;9;8;16;477;FALSE
2;3;0;0;16;2;FALSE
1;1;1;1;19;141;FALSE
1;1;1;1;19;140;FALSE
1;1;123;0;12;33;FALSE
3;4;18;27;16;370;FALSE
1;1;502;0;1;0;FALSE
3;4;320;214;16;373;TRUE
1;1;94;131;16;88;FALSE
5;6;887;880;16;501;TRUE
1;1;1;0;19;8;FALSE
1;2;2;0;19;145;FALSE
2;3;45;5;16;243;FALSE
1;1;5;0;12;57;FALSE
1;1;8;8;16;93;FALSE
1;1;15;10;1;17;FALSE
1;1;15;10;19;19;FALSE
2;2;25;18;16;12;FALSE
3;4;397;282;16;140;TRUE
1;1;4;4;16;66;FALSE
1;1;0;1;16;8;FALSE
1;1;1;16;16;6;FALSE
1;1;39;27;16;8;TRUE
1;1;1;1;16;65;FALSE
1;1;3;1;19;23;FALSE
1;2;18;13;11;29;FALSE
1;1;8;0;12;47;FALSE
2;2;7;4;16;476;FALSE
2;4;2;1;16;19;FALSE
1;1;5;5;16;93;FALSE
1;1;0;7;16;92;FALSE
5;5;100;9;17;71;FALSE
1;1;30;4;16;6;TRUE
2;2;17;4;16;57;FALSE
2;2;1;5;16;140;FALSE
1;1;4;0;16;2;FALSE
5;6;72;6;16;423;TRUE
1;1;1;0;12;62;FALSE
1;1;121;57;16;129;TRUE
1;1;15;8;16;128;TRUE
2;2;292;127;16;169;TRUE
1;1;5;2;16;85;FALSE
2;2;74;0;16;82;FALSE
4;4;14;0;16;130;FALSE
3;3;4;1;16;147;FALSE
3;3;30;22;16;462;FALSE
2;2;30;21;16;205;FALSE
2;22;0;0;1;0;FALSE
1;1;1;0;16;57;FALSE
9;28;896;97;19;383;TRUE
9;29;908;87;19;364;FALSE
1;1;1;0;16;92;FALSE
1;2;2;2;16;84;FALSE
1;1;1;1;16;136;FALSE
12;12;15;7;16;772;FALSE
21;21;17;19;16;1268;FALSE
1;1;0;29;16;79;FALSE
2;2;5;1;12;62;FALSE
5;6;48;5;16;328;FALSE
1;1;15;0;12;41;FALSE
1;1;12;0;12;64;FALSE
1;1;4;0;12;66;FALSE
7;7;26;0;16;151;FALSE
1;1;1;1;16;31;FALSE
1;2;14;14;16;80;FALSE
2;2;102;19;16;75;TRUE
1;1;1;1;14;30;FALSE
1;1;1;1;16;219;FALSE
1;1;1;1;14;29;FALSE
1;1;1;0;16;218;FALSE
3;3;26;0;12;175;FALSE
1;2;4;3;16;20;FALSE
1;1;7;12;16;74;FALSE
1;1;0;1;16;73;FALSE
1;1;2;2;16;3;FALSE
1;1;3;3;16;72;FALSE
1;1;60;28;16;71;FALSE
4;4;20;10;16;271;FALSE
11;11;43;1;16;744;FALSE
1;1;32;9;15;2;TRUE
2;2;3;0;12;92;FALSE
4;9;193;262;16;208;TRUE
1;1;2;2;12;26;FALSE
1;1;1;1;16;216;FALSE
1;1;2;2;14;200;FALSE
3;3;3;0;12;192;FALSE
4;7;77;51;16;114;FALSE
3;7;32;32;16;490;FALSE
3;3;56;73;16;237;TRUE
1;1;1;1;16;135;FALSE
4;4;25;6;12;258;FALSE
3;3;43;3;16;171;FALSE
3;3;26;21;12;147;FALSE
4;9;304;172;16;249;TRUE
4;4;81;29;16;618;TRUE
3;4;27;17;16;420;TRUE
1;1;43;14;16;64;TRUE
1;1;6;6;16;213;FALSE
4;7;220;32;16;362;FALSE
0;0;0;0;0;0;TRUE
1;1;1;0;12;89;FALSE
1;1;127;0;1;0;FALSE
7;7;162;1;16;765;FALSE
9;9;28;0;12;571;FALSE
21;21;8;36;12;1223;FALSE
1;1;26;26;15;61;TRUE
1;1;28;26;15;60;FALSE
1;1;1;1;14;132;FALSE
1;1;1;1;14;130;FALSE
1;1;7;6;16;10;FALSE
2;2;10;1;12;129;FALSE
18;57;94;229;16;2276;TRUE
2;2;7;3;16;51;FALSE
2;2;12;14;16;20;FALSE
2;2;57;30;16;18;FALSE
45;45;91;1;12;2116;FALSE
2;3;74;50;16;264;FALSE
1;1;0;40;14;36;FALSE
2;4;16;18;16;325;TRUE
4;4;11;47;16;30;FALSE
1;1;1;0;14;35;FALSE
2;3;7;15;15;148;FALSE
1;1;4;0;14;128;FALSE
1;1;16;28;14;34;FALSE
6;6;66;25;12;339;FALSE
67;67;226;0;12;2506;FALSE
37;37;1;73;12;1852;FALSE
2;3;37;19;16;257;FALSE
2;2;7;0;12;110;FALSE
1;1;1;1;14;13;FALSE
1;1;1;1;14;129;FALSE
1;1;8;0;12;39;FALSE
1;1;13;0;12;53;FALSE
2;3;204;74;15;144;TRUE
2;2;7;3;15;220;FALSE
3;3;19;0;12;59;FALSE
4;7;132;111;15;77;TRUE
1;1;1;1;14;127;FALSE
1;1;1;0;13;27;FALSE
1;1;1;0;13;26;FALSE
1;1;4;2;13;25;FALSE
1;1;6;1;14;28;FALSE
2;3;21;0;14;227;FALSE
3;3;9;2;12;61;FALSE
4;4;62;0;12;165;FALSE
11;11;116;86;12;646;FALSE
2;2;11;1;15;226;FALSE
2;2;70;3;15;224;FALSE
36;36;172;114;12;1757;FALSE
1;1;1;1;14;126;FALSE
2;2;5;4;15;216;FALSE
1;1;15;0;12;8;FALSE
2;2;92;112;15;84;TRUE
2;2;9;1;15;214;FALSE
2;3;10;1;15;367;FALSE
3;3;46;5;15;454;TRUE
2;2;169;148;15;82;TRUE
4;5;51;11;15;434;TRUE
2;2;51;27;15;6;FALSE
2;2;196;1;14;125;FALSE
2;2;4;0;12;102;FALSE
2;2;15;0;12;79;FALSE
4;4;63;14;12;127;FALSE
2;2;72;9;12;80;FALSE
2;2;26;2;12;27;FALSE
2;2;35;0;12;75;FALSE
2;2;10;5;12;77;FALSE
1;1;44;2;15;4;FALSE
3;7;149;537;15;434;TRUE
2;5;149;200;14;149;FALSE
4;4;35;0;12;144;FALSE
2;3;160;279;14;62;TRUE
3;3;68;2;12;38;FALSE
1;1;11;0;12;4;FALSE
8;8;24;0;12;319;FALSE
1;1;15;14;12;57;FALSE
9;9;9;0;12;494;FALSE
6;7;1206;3;14;513;TRUE
16;16;1;15;12;912;FALSE
1;1;3;6;13;53;TRUE
1;1;1;1;14;201;FALSE
1;1;8;0;13;2;FALSE
1;1;2;0;12;42;FALSE
2;2;4;1;14;212;FALSE
1;1;57;37;13;51;TRUE
3;3;8;1;12;136;FALSE
65;65;79;0;12;2292;FALSE
1;1;5;3;14;57;FALSE
2;3;1;189;14;58;FALSE
2;3;179;6;13;68;TRUE
3;5;375;0;1;0;TRUE
9;9;9;0;12;533;FALSE
1;1;1;0;12;34;FALSE
1;1;113;5;13;50;TRUE
4;4;0;347;14;233;FALSE
1;1;13;4;14;33;FALSE
1;1;1;1;14;199;FALSE
1;1;1;1;14;124;FALSE
1;1;3;8;13;54;FALSE
1;1;11;36;13;53;FALSE
1;1;42;8;13;52;FALSE
2;2;11;1;12;108;FALSE
2;2;152;32;14;32;TRUE
1;1;17;9;14;31;FALSE
2;2;29;25;14;57;TRUE
3;3;2;21;14;253;FALSE
1;1;1;0;12;54;FALSE
2;2;81;6;14;53;FALSE
3;3;37;2;14;248;FALSE
1;1;12;2;13;51;FALSE
1;1;2;1;12;54;FALSE
1;1;1;1;14;123;FALSE
3;3;11;10;14;441;FALSE
1;1;20;0;12;34;FALSE
1;1;3;3;12;79;FALSE
2;2;7;6;12;103;FALSE
3;5;0;0;13;8;FALSE
63;63;103;0;12;2192;FALSE
105;105;162;73;12;2297;FALSE
3;5;9;17;14;393;FALSE
1;1;8;0;12;51;FALSE
2;2;1;9;13;57;FALSE
2;3;6;4;13;102;TRUE
4;4;26;0;12;161;FALSE
3;5;15;11;14;572;FALSE
2;2;6;6;13;57;TRUE
3;3;15;0;6;3;FALSE
3;3;25;0;12;163;FALSE
16;16;187;13;12;701;FALSE
2;2;15;0;12;43;FALSE
4;5;29;4;14;561;FALSE
1;1;1;2;14;8;FALSE
1;1;1;1;14;121;FALSE
44;44;1;423;12;1743;FALSE
3;5;41;32;14;333;TRUE
1;1;1;1;13;119;FALSE
1;1;1;0;12;45;FALSE
1;1;1;1;12;61;FALSE
2;2;221;52;12;23;FALSE
1;1;26;0;12;26;FALSE
2;2;29;1;12;21;FALSE
5;6;4;625;14;764;TRUE
2;2;4;0;12;71;FALSE
2;2;8;2;14;201;FALSE
2;2;1;2;13;161;FALSE
1;1;9;8;12;48;FALSE
1;1;1;1;13;117;FALSE
1;1;1;1;14;193;FALSE
6;9;13;10;14;32;FALSE
3;3;20;1;12;135;FALSE
1;1;4;17;14;2;TRUE
2;3;248;183;14;68;TRUE
1;1;68;58;13;233;TRUE
1;1;2;2;12;25;FALSE
1;1;2;2;12;191;FALSE
3;6;0;0;4;6;FALSE
1;1;1;0;13;50;FALSE
2;2;0;0;1;0;FALSE
1;1;6;0;13;49;FALSE
1;1;2;2;13;11;FALSE
1;1;1;0;12;48;FALSE
1;1;1;0;12;50;FALSE
14;14;16;0;12;717;FALSE
1;1;44;0;12;29;FALSE
1;1;1;0;12;44;FALSE
1;1;1;1;13;116;FALSE
1;1;1;1;13;115;FALSE
2;2;257;167;14;36;TRUE
1;1;6;6;13;9;FALSE
2;2;2;1;12;92;FALSE
3;3;3;0;12;141;FALSE
4;4;25;7;12;160;FALSE
1;1;1;1;1;16;FALSE
1;1;2;2;1;15;FALSE
1;1;3;2;1;14;FALSE
1;1;1;1;1;12;FALSE
1;1;36;35;13;35;TRUE
1;1;8;1;13;34;TRUE
4;4;254;120;13;397;TRUE
5;5;52;1;12;177;FALSE
2;2;86;50;13;61;TRUE
1;1;1;0;13;189;FALSE
11;11;14;0;12;566;FALSE
2;2;15;10;12;84;FALSE
1;1;3;3;13;16;FALSE
1;1;1;1;13;113;FALSE
2;2;2;2;13;54;TRUE
1;1;1;1;13;109;FALSE
2;2;53;12;13;52;TRUE
3;8;0;0;13;3;FALSE
40;40;0;40;12;1548;FALSE
5;6;47;6;13;262;TRUE
3;3;16;1;13;125;FALSE
1;1;5;0;13;78;FALSE
2;2;9;1;13;53;FALSE
1;1;1;1;13;187;FALSE
1;1;80;80;12;46;FALSE
2;2;77;9;12;75;FALSE
1;1;7;0;12;41;FALSE
1;1;1;1;13;107;FALSE
3;3;15;0;12;132;FALSE
1;1;2;2;12;37;FALSE
5;5;13;24;13;318;FALSE
2;3;0;3;13;221;FALSE
1;1;1;1;13;105;FALSE
1;1;5;0;12;26;FALSE
2;2;5;4;13;335;TRUE
3;6;0;0;4;18;FALSE
6;7;21;23;13;599;TRUE
4;5;16;12;13;359;TRUE
1;1;1;1;13;101;FALSE
1;1;0;21;13;59;FALSE
4;5;16;30;13;268;FALSE
1;1;1;1;12;71;FALSE
2;3;3;66;13;219;FALSE
1;1;2;0;13;41;FALSE
7;10;167;99;13;718;TRUE
1;1;10;10;12;70;FALSE
4;4;50;11;12;110;FALSE
1;1;1;1;13;96;FALSE
2;2;6;1;13;134;FALSE
2;2;6;4;13;132;FALSE
2;2;0;6;13;231;FALSE
2;2;8;1;13;150;TRUE
2;2;17;1;12;75;FALSE
6;6;91;15;12;236;FALSE
3;3;0;7;13;113;FALSE
2;2;2;2;13;98;FALSE
5;5;68;1;12;185;FALSE
6;9;73;27;13;625;TRUE
2;2;36;3;13;110;TRUE
2;2;11;1;13;130;FALSE
2;2;24;9;12;98;FALSE
6;6;89;0;12;253;FALSE
1;1;0;9;13;68;FALSE
2;2;4;4;12;214;FALSE
3;5;184;140;13;184;TRUE
1;1;0;2;12;1;FALSE
10;10;66;0;12;475;FALSE
54;54;27;244;12;1726;FALSE
3;3;3;10;13;270;TRUE
1;2;43;19;13;181;TRUE
1;1;1;1;13;90;FALSE
4;4;22;0;12;143;FALSE
2;3;35;1;13;333;TRUE
3;5;43;2;13;169;TRUE
1;1;12;6;11;7;FALSE
1;1;0;0;1;2;FALSE
1;1;4;18;13;65;FALSE
1;1;0;2;13;114;FALSE
1;1;2;35;13;113;FALSE
11;11;64;0;12;523;FALSE
2;2;4;4;12;212;FALSE
1;1;1;1;13;89;FALSE
1;1;1;1;13;88;FALSE
2;2;2;0;13;127;TRUE
1;1;0;2;13;4;FALSE
6;33;50;13;13;233;TRUE
1;1;5;5;13;184;FALSE
3;4;121;50;13;461;TRUE
2;2;38;1;13;183;FALSE
2;3;94;27;13;176;TRUE
3;3;4;0;12;135;FALSE
2;2;51;50;12;92;FALSE
12;12;12;0;12;558;FALSE
1;1;14;2;12;12;FALSE
1;1;1;0;12;7;FALSE
1;1;1;1;13;87;FALSE
1;1;0;1;13;103;FALSE
1;1;12;11;13;220;TRUE
1;1;0;44;13;77;FALSE
5;5;19;2;12;84;FALSE
1;1;9;0;13;49;FALSE
7;12;16;13;13;477;TRUE
1;1;0;2;13;217;FALSE
1;1;4;0;12;6;FALSE
1;1;2;0;1;0;FALSE
4;8;276;249;13;630;TRUE
2;2;31;6;13;81;TRUE
2;2;5;0;12;47;FALSE
2;2;5;0;12;86;FALSE
2;2;18;1;12;79;FALSE
3;3;58;10;13;186;TRUE
3;5;44;27;13;196;TRUE
1;1;1;1;12;9;FALSE
4;6;173;229;13;511;TRUE
1;1;2;0;12;13;FALSE
11;11;28;0;12;158;FALSE
7;7;19;0;12;119;FALSE
1;1;5;0;12;41;FALSE
5;5;32;26;13;378;TRUE
1;2;3;3;13;213;TRUE
3;5;303;183;13;293;TRUE
1;1;0;3;13;201;FALSE
4;5;30;28;13;154;TRUE
3;3;32;29;13;80;TRUE
1;1;1;1;12;50;FALSE
3;3;53;65;13;260;TRUE
3;5;5;143;13;391;FALSE
3;3;47;0;12;67;FALSE
2;2;42;75;13;310;TRUE
3;3;36;67;13;212;FALSE
1;1;3;5;13;42;FALSE
3;3;109;120;13;208;TRUE
4;5;44;295;13;244;FALSE
1;1;1;9;13;37;FALSE
1;1;0;6;13;36;FALSE
2;2;2;4;13;128;FALSE
2;2;23;25;13;151;TRUE
6;14;492;828;13;666;TRUE
2;2;24;22;13;147;FALSE
2;2;4;2;13;125;FALSE
1;1;33;9;12;24;FALSE
1;1;27;0;12;23;FALSE
1;1;6;0;13;33;FALSE
1;1;9;1;13;32;FALSE
4;5;292;40;13;229;FALSE
6;6;50;0;12;143;FALSE
4;9;240;272;13;367;TRUE
2;2;10;0;12;26;FALSE
4;4;41;1;13;402;FALSE
3;3;119;131;12;193;FALSE
1;1;1;1;13;85;FALSE
1;1;8;3;12;36;FALSE
3;3;100;50;12;189;FALSE
1;1;4;4;12;43;FALSE
5;5;34;4;12;182;FALSE
11;11;107;0;12;326;FALSE
1;1;1;1;13;84;FALSE
13;13;60;4;12;591;FALSE
52;52;40;119;12;1563;FALSE
1;1;3;3;13;29;FALSE
1;1;1;0;12;38;FALSE
4;4;89;67;13;243;FALSE
2;2;36;31;12;86;FALSE
1;1;8;0;12;30;FALSE
1;1;0;4;12;27;FALSE
1;1;10;0;12;39;FALSE
1;1;1;1;12;37;FALSE
1;1;5;5;12;40;FALSE
4;4;19;6;12;198;FALSE
2;2;8;0;12;84;FALSE
8;8;40;0;12;332;FALSE
1;1;8;6;12;26;FALSE
1;1;1;1;12;25;FALSE
36;36;0;88;12;1225;FALSE
3;3;13;0;12;35;FALSE
2;2;28;28;13;141;TRUE
1;1;1;1;1;9;FALSE
1;1;1;1;1;11;FALSE
1;1;1;1;1;10;FALSE
1;1;1;1;1;8;FALSE
2;2;14;28;13;139;FALSE
1;1;9;10;13;112;FALSE
2;2;17;25;13;136;FALSE
2;2;63;93;13;134;TRUE
1;1;6;0;12;39;FALSE
3;3;25;2;12;116;FALSE
56;56;153;3;12;1520;FALSE
1;1;13;4;13;22;TRUE
6;8;412;392;13;468;TRUE
2;2;7;2;13;58;FALSE
64;64;0;317;12;1571;FALSE
1;1;5;3;13;21;FALSE
1;1;13;4;12;82;FALSE
1;1;39;4;12;81;TRUE
2;2;4;50;8;8;FALSE
1;1;6;0;12;28;FALSE
2;2;38;181;13;285;TRUE
1;1;46;0;1;0;FALSE
1;1;5;3;7;6;FALSE
1;1;3;5;7;5;FALSE
3;3;50;18;13;209;TRUE
2;2;9;2;12;72;FALSE
0;0;0;0;0;0;TRUE
2;2;105;23;13;124;FALSE
1;1;1;1;13;82;FALSE
3;3;59;19;13;137;TRUE
2;2;30;92;13;120;TRUE
4;5;266;57;13;206;FALSE
2;2;14;10;12;91;FALSE
1;1;1;1;13;80;FALSE
1;1;1;1;13;79;FALSE
1;1;6;6;13;177;FALSE
1;1;1;1;13;176;FALSE
2;2;5;1;12;75;FALSE
2;2;2;0;12;76;FALSE
2;2;27;2;13;142;TRUE
3;3;13;6;13;118;FALSE
3;3;49;10;13;307;TRUE
3;3;290;231;13;285;FALSE
1;1;1;1;13;78;FALSE
9;9;17;0;12;360;FALSE
6;6;2;13;13;511;FALSE
5;5;6;6;13;312;TRUE
18;18;1;18;12;661;FALSE
12;12;15;0;12;412;FALSE
3;3;0;0;13;9;FALSE
3;3;0;0;13;6;FALSE
1;1;1;1;12;75;FALSE
1;1;1;1;12;74;FALSE
1;1;4;1;12;31;FALSE
2;2;189;181;12;96;TRUE
3;3;66;41;12;167;FALSE
1;1;120;0;1;0;FALSE
1;1;1;1;12;72;FALSE
1;1;1;1;12;71;FALSE
1;1;1;1;12;70;FALSE
2;2;3;2;12;161;FALSE
2;2;11;12;12;265;FALSE
2;2;8;17;12;79;FALSE
2;2;18;7;12;77;FALSE
2;2;7;18;12;75;FALSE
4;5;283;2;13;166;FALSE
1;1;1;1;12;65;FALSE
2;2;2;1;12;263;FALSE
2;2;25;0;12;52;FALSE
1;1;1;1;12;64;FALSE
1;1;8;2;13;74;FALSE
2;2;12;7;12;260;FALSE
2;2;110;100;12;52;FALSE
2;2;9;74;12;89;FALSE
2;2;5;5;12;210;FALSE
1;1;1;2;8;6;FALSE
1;1;0;3;12;87;FALSE
1;1;1;0;1;2;FALSE
2;2;54;1;8;22;FALSE
2;2;48;27;12;71;FALSE
1;1;2;0;12;20;FALSE
7;7;9;9;7;4;FALSE
1;1;1;1;8;21;FALSE
4;4;115;34;12;448;FALSE
1;1;1;1;12;62;FALSE
1;1;2;8;13;73;FALSE
1;1;2;5;12;75;FALSE
1;1;51;13;12;85;FALSE
3;3;7;0;12;78;FALSE
1;2;6;2;13;164;TRUE
1;2;2;9;13;162;TRUE
11;11;28;3;12;432;FALSE
1;1;4;3;1;1;FALSE
1;1;1;8;1;7;FALSE
1;1;1;1;1;6;FALSE
1;1;2;1;1;5;FALSE
1;1;1;1;1;4;FALSE
1;1;1;1;1;3;FALSE
1;1;1;1;12;61;FALSE
9;9;11;0;12;328;FALSE
2;5;2;8;12;42;FALSE
3;3;3;1;12;96;FALSE
2;2;8;1;12;252;FALSE
3;3;2;9;12;310;FALSE
3;3;9;2;12;307;FALSE
4;10;671;739;12;296;TRUE
3;3;4;0;12;77;FALSE
3;4;47;8;12;175;FALSE
61;61;61;0;12;1389;FALSE
2;2;3;2;12;72;FALSE
5;7;305;156;12;337;FALSE
2;2;18;3;12;2;FALSE
2;4;318;12;12;16;FALSE
1;1;1;1;12;57;FALSE
2;2;43;46;12;111;TRUE
3;3;21;0;12;85;FALSE
4;7;826;24;12;291;TRUE
1;1;14;0;12;8;FALSE
1;1;16;0;11;4;FALSE
3;3;26;6;12;84;FALSE
1;1;49;0;12;12;FALSE
4;4;30;2;12;101;FALSE
5;5;116;9;12;237;TRUE
1;1;1;0;12;37;FALSE
4;4;8;0;12;110;FALSE
2;2;2;2;12;243;FALSE
3;3;19;0;12;81;FALSE
1;1;2;2;11;19;FALSE
5;5;29;0;12;116;FALSE
1;1;1;1;12;187;FALSE
3;4;24;5;12;428;TRUE
2;3;0;3;12;369;FALSE
35;35;50;0;12;980;FALSE
1;1;2;1;12;184;FALSE
1;1;10;6;12;1;FALSE
35;35;50;34;12;929;FALSE
3;3;2;4;12;283;FALSE
0;0;0;0;0;0;TRUE
3;3;5;6;12;280;FALSE
2;2;4;0;12;58;FALSE
1;1;35;35;12;66;TRUE
1;1;2;2;12;34;FALSE
1;1;1;1;4;4;FALSE
1;1;1;1;12;54;FALSE
1;1;104;9;12;15;FALSE
9;10;239;158;12;361;TRUE
1;1;1;1;12;52;FALSE
60;60;60;0;12;1228;FALSE
6;7;56;31;12;401;TRUE
3;5;33;0;12;290;TRUE
2;2;2;2;12;66;FALSE
1;1;1;1;12;49;FALSE
1;1;14;21;12;1;FALSE
1;1;1;1;12;48;FALSE
1;1;1;1;12;47;FALSE
69;69;19;71;12;1257;FALSE
3;3;33;5;12;319;TRUE
1;1;1;1;12;46;FALSE
5;5;57;34;12;429;TRUE
1;1;5;5;12;35;FALSE
2;2;2;2;12;52;FALSE
1;1;1;1;12;44;FALSE
4;4;72;19;12;297;TRUE
6;6;6;0;12;158;FALSE
69;69;85;2;12;1179;FALSE
7;7;13;5;12;155;FALSE
1;1;1;1;12;43;FALSE
1;1;1;1;12;42;FALSE
1;1;1;1;12;41;FALSE
1;1;13;11;12;34;TRUE
3;5;18;18;12;198;FALSE
16;42;260;178;12;1431;TRUE
3;3;8;6;12;264;FALSE
8;8;8;8;12;389;FALSE
1;1;6;0;12;27;FALSE
2;2;18;10;12;209;TRUE
1;1;2;2;8;20;FALSE
1;1;1;0;12;176;FALSE
2;2;12;0;12;42;FALSE
7;8;161;312;13;246;TRUE
1;1;2;1;12;30;FALSE
1;1;1;4;12;38;FALSE
1;1;3;0;12;37;FALSE
1;1;2;2;12;11;FALSE
1;1;2;2;12;10;FALSE
2;2;11;0;12;43;FALSE
1;1;2;2;12;40;FALSE
3;3;26;25;12;16;TRUE
2;2;34;8;12;9;TRUE
2;2;138;7;12;36;TRUE
5;5;81;53;12;116;FALSE
1;1;45;0;1;0;FALSE
2;2;48;42;12;55;FALSE
1;1;15;1;12;29;FALSE
3;4;25;9;12;334;TRUE
10;10;53;0;12;265;FALSE
37;37;178;0;12;803;FALSE
2;2;25;3;12;212;FALSE
4;5;25;5;12;367;TRUE
1;1;1;1;12;37;FALSE
1;1;1;1;12;36;FALSE
1;1;1;1;12;35;FALSE
1;1;1;1;12;34;FALSE
2;2;4;4;12;205;FALSE
1;1;6;2;12;27;TRUE
3;3;31;6;12;309;TRUE
6;7;279;97;12;427;TRUE
4;5;56;3;12;333;TRUE
1;1;1;1;12;29;FALSE
1;1;7;0;12;156;FALSE
1;2;25;1;12;167;FALSE
1;1;1;1;12;28;FALSE
1;1;8;1;12;2;FALSE
1;1;11;8;12;25;TRUE
2;2;19;4;12;200;TRUE
1;1;1;1;12;27;FALSE
2;3;38;17;12;81;TRUE
1;1;1;1;12;25;FALSE
3;4;37;13;12;379;TRUE
1;1;5;0;12;100;FALSE
1;1;1;1;12;24;FALSE
0;0;0;0;0;0;TRUE
3;4;62;48;12;219;TRUE
1;1;9;1;12;28;TRUE
2;3;2;2;12;170;FALSE
1;1;1;0;12;3;FALSE
2;3;3;1;12;330;FALSE
2;2;13;6;12;316;FALSE
2;2;11;9;12;25;FALSE
1;1;30;9;6;3;FALSE
0;0;0;0;0;0;TRUE
1;1;1;1;12;23;FALSE
7;14;274;238;12;484;TRUE
2;2;4;3;12;181;FALSE
4;6;23;48;12;236;TRUE
2;2;24;23;12;35;FALSE
1;1;3;1;12;159;FALSE
2;2;8;2;12;160;TRUE
5;5;61;5;12;439;FALSE
5;5;187;57;12;180;FALSE
2;3;5;3;12;62;TRUE
2;3;73;2;12;27;FALSE
4;6;64;1;12;365;FALSE
1;1;1;1;12;17;FALSE
3;3;16;1;12;322;FALSE
1;1;2;0;1;0;FALSE
2;2;16;2;12;304;FALSE
3;4;114;36;12;82;FALSE
3;4;91;7;12;328;FALSE
1;1;1;1;12;14;FALSE
4;5;38;13;12;324;TRUE
5;10;102;18;12;610;FALSE
1;1;1;1;12;10;FALSE
4;4;61;40;12;338;FALSE
4;6;120;2;12;347;FALSE
5;5;423;14;12;161;TRUE
1;2;8;8;11;29;FALSE
1;1;16;0;12;3;FALSE
1;1;5;7;12;146;TRUE
1;1;1;1;12;8;FALSE
3;4;8;7;12;208;FALSE
1;1;20;3;12;145;TRUE
1;1;1;1;12;4;FALSE
4;4;180;39;12;231;TRUE
1;1;1;0;12;2;FALSE
4;6;24;19;12;239;TRUE
2;2;33;33;12;58;TRUE
4;8;110;392;12;404;FALSE
4;4;3;1;12;6;FALSE
1;1;5;0;8;2;FALSE
1;1;1;0;4;4;FALSE
1;1;1;1;4;3;FALSE
3;4;24;7;12;223;FALSE
1;1;1;0;12;26;FALSE
1;1;1;1;11;17;FALSE
1;1;2;0;11;16;FALSE
1;1;19;9;11;15;FALSE
4;4;15;11;12;180;TRUE
1;1;1;1;4;2;FALSE
3;3;12;5;12;58;FALSE
1;1;10;3;6;4;FALSE
6;7;361;39;12;235;TRUE
5;7;407;16;12;173;TRUE
1;1;17;0;12;20;FALSE
2;2;3;1;12;152;FALSE
1;1;2;0;12;23;FALSE
1;2;2;2;5;16;FALSE
1;1;1;1;4;1;FALSE
1;1;3;0;12;21;FALSE
1;1;5;1;1;1;FALSE
1;1;19;0;1;0;FALSE
43;105;0;7674;12;201;FALSE
1;1;1;1;12;12;FALSE
1;2;4;0;4;3;FALSE
1;1;2;2;11;20;FALSE
1;1;2;2;12;181;FALSE
1;1;0;0;1;0;FALSE
6;7;208;2;12;235;TRUE
1;1;1;1;12;2;FALSE
1;1;6;2;12;1;FALSE
2;4;349;43;12;10;FALSE
4;4;213;142;12;86;FALSE
33;133;6445;6472;12;1387;TRUE
1;1;294;0;1;0;FALSE
1;1;1;1;12;11;FALSE
1;1;19;0;12;7;FALSE
1;1;21;1;12;17;FALSE
1;1;32;0;11;6;FALSE
1;1;1;2;12;70;FALSE
1;1;1;0;12;33;FALSE
1;1;2;25;12;5;FALSE
5;6;247;302;12;107;TRUE
2;2;124;44;12;34;FALSE
1;1;5;5;12;40;FALSE
24;65;77;77;12;243;FALSE
1;1;30;0;12;53;FALSE
3;4;67;4;12;106;FALSE
24;65;1455;599;12;178;FALSE
1;1;8;11;12;68;FALSE
5;6;0;48;12;259;FALSE
2;2;64;9;1;12;TRUE
1;1;1;1;12;39;FALSE
5;7;134;11;1;17;FALSE
1;3;3;3;1;3;FALSE
1;1;1;3;12;2;FALSE
4;5;114;49;12;78;FALSE
1;1;4;4;12;38;FALSE
2;2;132;1;12;6;FALSE
1;1;36;0;11;7;FALSE
3;4;64;9;1;8;FALSE
3;4;39;3;1;9;FALSE
3;3;60;5;1;7;FALSE
4;6;96;13;1;6;FALSE
7;9;8;4;1;9;FALSE
1;2;42;0;1;0;FALSE
8;11;170;0;1;0;FALSE
2;2;39;16;12;67;FALSE
3;4;178;179;12;86;FALSE
1;1;1;0;12;22;FALSE
1;1;17;47;12;92;FALSE
1;1;1;1;12;135;FALSE
3;5;119;80;12;288;TRUE
1;1;146;20;12;14;FALSE
1;1;1;1;12;32;FALSE
3;3;4;2;12;38;FALSE
1;1;6;1;9;5;FALSE
2;2;30;1;12;16;FALSE
2;2;238;7;12;31;FALSE
2;2;4;0;12;16;FALSE
1;1;7;1;12;15;FALSE
1;1;3;3;12;26;FALSE
2;2;17;0;12;44;FALSE
3;3;9;1;12;74;FALSE
1;1;1;0;12;25;FALSE
3;3;7;0;12;71;FALSE
2;4;2;8;12;90;FALSE
3;3;2;35;12;142;FALSE
1;1;1;0;12;24;FALSE
1;1;17;1;1;1;FALSE
3;3;46;27;12;51;FALSE
1;1;14;1;12;1;FALSE
4;5;168;1;12;20;FALSE
17;17;25;6;12;377;FALSE
1;1;1;1;12;31;TRUE
4;6;127;123;12;151;FALSE
59;59;3;58;12;945;FALSE
3;5;166;67;12;144;FALSE
2;3;26;11;12;140;FALSE
1;2;0;0;11;2;FALSE
1;2;0;0;11;4;FALSE
4;5;150;107;12;158;FALSE
2;2;5;2;12;107;FALSE
2;2;5;2;12;115;FALSE
3;3;79;0;12;33;FALSE
3;3;79;0;12;36;FALSE
3;6;0;6;11;13;FALSE
1;1;1;7;11;1;FALSE
2;3;100;7;11;20;FALSE
2;3;100;7;11;26;FALSE
1;1;5;5;3;11;FALSE
1;1;5;5;11;13;FALSE
2;5;75;1;12;30;FALSE
1;1;109;0;1;0;FALSE
2;2;46;3;12;17;TRUE
3;22;0;3874;6;23;FALSE
1;1;1;1;11;16;FALSE
1;1;1;1;11;18;FALSE
1;1;1;1;12;145;FALSE
1;1;1;1;12;146;FALSE
4;4;179;118;12;91;TRUE
10;19;70;51;12;508;FALSE
10;19;70;51;12;484;TRUE
1;1;17;0;12;22;FALSE
1;1;4;4;12;37;FALSE
1;1;2;2;12;179;FALSE
1;1;2;2;12;180;FALSE
1;1;43;0;1;0;FALSE
1;1;16;0;12;20;FALSE
1;1;0;18;12;64;FALSE
1;1;2;2;12;178;FALSE
5;5;11;1;12;118;FALSE
2;2;9;7;12;39;FALSE
5;7;440;155;12;130;TRUE
4;7;103;1;12;25;FALSE
4;5;16;32;12;70;FALSE
1;1;0;1;12;5;FALSE
5;8;211;203;12;84;FALSE
3;4;265;90;12;66;TRUE
3;3;19;1;12;38;FALSE
3;4;8;24;12;182;TRUE
1;1;0;18;12;22;FALSE
1;1;0;1;12;4;FALSE
2;2;63;0;12;12;FALSE
4;4;21;0;12;86;FALSE
2;3;102;55;12;93;FALSE
1;2;194;3;12;2;FALSE
1;1;65;4;12;1;FALSE
8;9;30;3;12;323;TRUE
7;7;36;0;12;163;FALSE
2;2;20;0;12;3;FALSE
2;2;75;2;12;11;FALSE
4;5;98;31;12;67;TRUE
7;7;31;8;12;140;FALSE
30;30;43;50;12;567;FALSE
2;2;3;7;12;34;FALSE
1;1;2;0;1;0;FALSE
4;4;45;47;12;45;FALSE
2;2;42;27;12;11;TRUE
5;5;11;6;12;294;FALSE
7;7;38;45;12;246;FALSE
1;1;5;5;3;10;FALSE
1;1;66;48;3;8;FALSE
1;1;2;2;12;6;FALSE
1;1;1;1;12;142;FALSE
2;2;27;6;11;33;FALSE
3;6;0;0;11;6;FALSE
2;2;4;2;12;14;FALSE
3;4;85;18;12;12;FALSE
3;3;123;12;12;6;TRUE
3;6;0;0;10;31;FALSE
6;7;11;22;12;331;TRUE
2;2;27;19;12;54;TRUE
5;6;159;85;12;103;TRUE
5;5;55;1;12;281;FALSE
9;9;88;50;12;41;TRUE
4;5;26;48;11;18;FALSE
1;1;2;2;12;176;FALSE
2;4;203;1;2;1;FALSE
1;2;2;0;5;14;FALSE
1;1;10;6;3;5;FALSE
17;60;864;854;12;1561;TRUE
7;8;1;54;1;9;FALSE
24;72;891;3804;12;1144;TRUE
3;3;48;13;1;3;TRUE
23;32;397;0;1;0;TRUE
2;2;3;2;12;10;FALSE
1;2;2;3;1;2;FALSE
2;2;11;0;12;23;FALSE
1;1;2;0;1;0;FALSE
6;7;185;221;1;6;FALSE
2;3;1;22;12;205;FALSE
15;37;3302;0;1;0;TRUE
3;3;4;0;12;62;FALSE
12;38;830;829;12;785;FALSE
3;3;117;62;11;26;TRUE
4;4;17;13;12;184;FALSE
1;1;20;0;1;0;FALSE
7;20;14;13;11;29;FALSE
3;3;55;4;12;30;FALSE
2;3;94;0;5;12;FALSE
5;5;10;3;12;78;FALSE
25;25;112;40;12;441;FALSE
3;3;0;0;8;3;FALSE
1;1;3;3;11;4;FALSE
3;4;15;19;12;137;FALSE
9;29;56;106;11;219;FALSE
12;30;28;122;11;215;TRUE
2;2;8;8;11;38;FALSE
1;2;2;2;12;36;FALSE
1;1;2;2;12;31;FALSE
9;40;2;79;10;94;FALSE
1;1;10;0;11;12;FALSE
1;1;2;2;11;173;FALSE
5;11;50;122;12;271;TRUE
59;263;27328;27273;11;2403;TRUE
4;16;0;0;10;15;FALSE
3;3;3;0;10;113;FALSE
10;10;125;2;11;171;FALSE
5;35;80;65;10;34;FALSE
2;4;1;1;11;12;FALSE
1;2;0;0;11;3;FALSE
1;1;1;1;11;5;FALSE
1;2;4;3;10;41;FALSE
9;24;99;91;10;165;FALSE
76;76;610;493;11;834;FALSE
13;13;52;0;9;30;FALSE
4;10;67;9;10;48;TRUE
1;3;13;7;10;44;FALSE
1;1;1;1;11;4;FALSE
11;76;192;16;8;132;FALSE
1;2;0;0;11;1;FALSE
2;4;1;1;11;4;FALSE
7;13;113;43;10;243;FALSE
1;2;8;8;10;27;FALSE
1;2;2;22;10;25;FALSE
57;251;27205;27188;10;1976;FALSE
1;1;3;2;8;54;FALSE
1;1;2;2;2;2;FALSE
2;2;21;8;8;70;FALSE
1;1;1;1;3;7;FALSE
1;1;4;2;3;6;FALSE
3;3;0;246;8;18;FALSE
3;4;0;179;8;30;FALSE
1;12;0;467;8;64;FALSE
7;41;0;31;6;53;FALSE
84;85;256;3824;8;792;FALSE
2;2;4;3;8;145;FALSE
2;2;5;4;8;143;FALSE
1;1;2;2;8;136;FALSE
3;5;1;264;8;322;FALSE
1;2;0;199;6;13;FALSE
2;2;2;38;8;150;FALSE
4;4;0;338;8;149;FALSE
3;3;2;67;8;140;FALSE
1;1;1;1;8;18;FALSE
1;1;1;1;8;19;FALSE
3;3;71;46;8;113;TRUE
2;2;2;0;8;81;FALSE
1;1;1;1;8;33;FALSE
1;1;2;0;2;1;FALSE
1;1;0;17;8;19;FALSE
1;1;42;14;8;18;FALSE
2;2;18;8;8;168;FALSE
1;1;3;0;8;50;FALSE
3;4;173;110;8;253;FALSE
1;3;37;20;3;9;FALSE
3;3;3;0;8;95;FALSE
1;1;5;3;8;23;FALSE
15;15;0;46;8;18;FALSE
2;3;12;4;8;140;FALSE
1;1;1;3;8;10;FALSE
3;3;5;4;8;214;FALSE
20;20;754;7;8;170;FALSE
54;72;930;757;8;1471;TRUE
6;7;357;157;8;352;TRUE
56;57;4;56;8;747;FALSE
3;4;109;73;8;52;TRUE
3;6;0;0;6;13;FALSE
3;5;51;19;8;216;FALSE
2;2;7;4;8;27;FALSE
9;15;280;273;8;618;TRUE
1;1;3;0;8;11;FALSE
1;1;1;1;8;21;FALSE
8;16;41;110;8;432;TRUE
2;2;6;6;8;17;FALSE
5;13;20;16;8;75;FALSE
4;5;31;18;8;291;FALSE
1;1;4;2;8;111;FALSE
1;1;48;19;8;110;FALSE
1;1;16;1;8;109;FALSE
2;2;4;2;8;237;FALSE
1;1;0;1;8;11;FALSE
1;2;10;6;8;76;FALSE
1;1;1;1;8;128;FALSE
5;7;387;308;8;297;TRUE
3;3;27;25;8;270;TRUE
3;3;48;14;8;267;FALSE
1;1;1;2;8;67;FALSE
1;1;14;28;8;101;TRUE
5;7;130;160;8;338;TRUE
1;1;5;1;8;66;FALSE
1;1;30;2;8;65;FALSE
1;1;1;1;8;14;FALSE
1;1;9;6;8;35;FALSE
1;1;11;2;8;98;FALSE
1;1;2;1;8;64;FALSE
1;1;1;2;7;17;FALSE
4;4;143;131;8;212;TRUE
2;2;1;25;8;97;FALSE
1;1;26;16;8;33;TRUE
1;1;1;2;8;32;FALSE
4;7;104;47;8;267;TRUE
3;3;66;3;8;96;FALSE
1;1;48;48;8;31;TRUE
2;2;6;4;7;49;FALSE
2;2;4;4;7;174;FALSE
3;4;104;75;8;207;TRUE
1;1;21;0;1;0;FALSE
4;4;70;37;8;182;FALSE
2;3;12;1;8;60;FALSE
3;4;37;5;7;70;FALSE
1;1;4;4;7;35;FALSE
1;1;1;1;8;8;FALSE
1;1;11;3;8;52;FALSE
3;4;10;5;8;158;TRUE
0;0;0;0;0;0;TRUE
1;1;2;1;8;51;FALSE
2;2;8;3;8;85;FALSE
1;1;15;0;7;12;FALSE
2;2;8;1;7;135;TRUE
3;3;62;36;8;125;FALSE
2;2;10;4;8;53;FALSE
2;2;61;2;7;133;TRUE
5;5;37;12;8;228;TRUE
6;9;159;118;8;375;TRUE
4;6;15;10;8;226;TRUE
2;2;6;2;8;74;FALSE
1;1;3;1;8;30;FALSE
1;1;1;0;8;1;FALSE
1;1;133;10;7;7;FALSE
1;1;54;48;8;60;TRUE
1;1;14;3;8;42;FALSE
1;1;11;0;7;11;FALSE
1;1;1;1;8;123;FALSE
2;2;4;4;8;146;FALSE
3;3;54;7;8;113;FALSE
1;1;13;11;8;3;TRUE
4;4;52;0;7;43;FALSE
1;1;1;1;8;7;FALSE
1;1;1;1;8;6;FALSE
1;1;1;1;8;5;FALSE
1;1;1;0;7;14;FALSE
0;0;0;0;0;0;TRUE
3;4;293;63;8;44;TRUE
4;5;25;5;8;195;TRUE
2;2;289;1;7;14;FALSE
3;3;12;0;7;10;FALSE
1;1;6;3;7;16;FALSE
1;1;6;4;2;3;FALSE
1;1;1;1;2;3;TRUE
1;3;4;4;2;7;TRUE
2;2;10;2;7;180;FALSE
1;1;1;1;7;23;FALSE
1;1;2;2;7;164;FALSE
4;7;142;39;8;164;TRUE
2;4;38;13;8;157;TRUE
1;1;5;0;7;19;FALSE
1;1;55;31;7;11;FALSE
1;1;54;0;1;0;FALSE
5;9;234;37;8;191;TRUE
1;1;5;0;7;15;FALSE
3;3;105;0;7;36;FALSE
3;3;30;0;7;36;FALSE
3;5;129;78;8;62;TRUE
4;8;166;63;8;230;TRUE
2;2;10;0;7;24;FALSE
5;5;31;0;7;76;FALSE
4;4;19;4;7;53;FALSE
57;57;173;8;7;530;FALSE
40;40;64;126;7;403;FALSE
1;1;1;0;7;5;FALSE
1;1;28;1;7;8;FALSE
1;1;2;2;4;5;FALSE
2;2;29;3;7;39;FALSE
2;2;17;4;7;72;FALSE
1;1;67;0;7;12;FALSE
1;1;2;2;7;162;FALSE
1;1;28;0;7;9;FALSE
1;1;1;2;8;31;FALSE
2;3;82;92;7;85;TRUE
2;3;82;92;7;74;FALSE
1;1;3;3;8;30;FALSE
2;2;6;0;7;17;FALSE
2;2;19;0;7;18;FALSE
1;1;1;0;7;5;FALSE
3;3;31;0;7;14;FALSE
1;1;0;3;7;27;FALSE
1;1;0;3;7;32;FALSE
3;3;9;3;7;58;TRUE
3;3;20;61;7;50;FALSE
3;4;50;24;7;92;TRUE
3;4;50;24;7;79;FALSE
3;4;108;5;8;149;FALSE
1;1;2;0;7;16;FALSE
5;6;296;210;7;219;TRUE
6;7;320;226;7;226;FALSE
1;1;17;13;7;21;FALSE
1;1;6;48;7;24;FALSE
2;2;22;0;7;28;FALSE
1;1;1;0;1;1;FALSE
2;2;58;0;7;20;FALSE
1;1;1;1;4;4;FALSE
1;1;4;2;4;3;FALSE
2;2;5;1;7;20;FALSE
4;5;43;1;8;211;FALSE
2;2;3;2;7;27;FALSE
1;1;2;2;7;161;FALSE
4;4;100;0;7;52;FALSE
1;1;16;0;7;27;FALSE
1;1;2;1;1;1;FALSE
1;1;4;0;1;0;FALSE
3;3;21;0;7;29;FALSE
1;1;6;6;7;115;FALSE
3;3;85;45;7;88;FALSE
1;1;1;0;7;7;FALSE
1;1;25;0;7;9;FALSE
3;5;8;4;7;146;FALSE
1;1;19;5;7;13;FALSE
2;2;2;2;7;119;FALSE
43;43;257;8;7;350;FALSE
59;59;12;433;7;363;FALSE
1;1;2;2;7;113;FALSE
11;19;172;174;7;216;TRUE
3;3;13;12;6;44;FALSE
1;1;35;23;6;11;FALSE
1;1;25;5;6;14;TRUE
2;2;2;0;7;15;FALSE
3;3;1;2;7;16;FALSE
5;7;62;121;7;283;TRUE
2;3;85;73;7;109;TRUE
6;6;8;1;6;53;FALSE
2;2;5;0;6;9;FALSE
30;30;9;30;6;200;FALSE
1;1;4;0;6;5;FALSE
2;2;10;5;7;23;FALSE
2;2;57;0;6;14;FALSE
1;1;5;11;7;37;FALSE
1;1;17;2;7;21;FALSE
2;2;35;1;7;43;FALSE
1;1;18;3;7;19;TRUE
1;1;1;0;6;3;FALSE
7;7;160;8;6;24;FALSE
54;54;1192;100;6;188;FALSE
10;10;430;61;6;70;FALSE
1;1;0;8;1;1;FALSE
2;2;95;4;4;19;FALSE
1;1;57;2;5;5;FALSE
1;1;26;2;5;8;FALSE
3;4;36;20;7;35;FALSE
1;1;1;1;5;5;FALSE
2;2;46;38;7;98;TRUE
6;6;330;0;1;0;FALSE
10;15;331;329;7;292;TRUE
7;7;20;11;7;76;FALSE
6;6;150;128;7;34;FALSE
6;7;36;15;7;30;FALSE
9;19;677;1418;6;582;TRUE
1;1;3;3;6;77;FALSE
3;5;18;14;6;225;FALSE
2;2;22;47;6;37;FALSE
4;6;113;102;6;127;FALSE
1;2;53;35;6;105;FALSE
2;3;4;2;6;16;FALSE
1;1;18;0;6;14;TRUE
1;1;0;38;6;11;FALSE
1;1;214;183;6;7;TRUE
3;3;77;59;6;58;TRUE
1;1;23;1;6;4;FALSE
2;2;150;136;6;49;FALSE
1;1;4;3;6;29;FALSE
7;11;326;450;6;167;FALSE
1;1;0;10;6;74;FALSE
5;7;80;80;6;285;FALSE
1;3;20;17;6;101;FALSE
1;2;349;204;6;71;TRUE
1;1;3;3;5;3;FALSE
1;1;224;214;6;27;FALSE
1;1;15;21;6;17;FALSE
2;2;182;183;6;135;FALSE
3;3;46;20;6;279;FALSE
2;3;138;28;6;109;TRUE
4;5;144;107;6;295;TRUE
1;1;2;156;6;56;FALSE
0;0;0;0;0;0;TRUE
1;1;6;5;6;31;FALSE
10;10;230;186;6;101;TRUE
1;1;36;35;1;1;FALSE
1;1;0;9;6;53;FALSE
3;4;28;11;5;167;FALSE
2;2;0;7;5;66;FALSE
2;2;4;4;6;116;FALSE
2;3;6;3;6;15;TRUE
4;5;15;15;5;96;FALSE
0;0;0;0;0;0;TRUE
1;1;1;1;5;14;FALSE
2;2;252;212;6;33;FALSE
1;1;2;2;6;154;FALSE
0;0;0;0;0;0;TRUE
0;0;0;0;0;0;TRUE
1;1;290;0;1;0;FALSE
2;3;18;5;5;115;FALSE
8;10;434;180;6;292;TRUE
2;2;14;2;5;4;FALSE
1;3;135;0;1;0;FALSE
1;1;26;0;5;8;FALSE
15;28;1563;1718;5;551;TRUE
6;7;210;106;5;321;TRUE
2;3;244;226;5;8;TRUE
1;1;2;2;5;148;FALSE
1;4;36;13;2;2;TRUE
1;1;10;2;5;6;TRUE
1;1;0;1;1;1;FALSE
1;1;1;0;1;0;FALSE
3;4;10;168;5;80;FALSE
1;1;2;2;5;147;FALSE
1;1;1;1;5;100;FALSE
1;1;125;0;1;0;TRUE
18;50;4280;4192;5;855;TRUE
29;29;904;324;5;99;FALSE
2;2;2;3;5;101;FALSE
3;3;96;327;5;6;TRUE
4;5;204;285;5;186;TRUE
4;5;870;85;5;101;TRUE
2;2;13;3;5;9;FALSE
1;1;15;1;4;13;TRUE
1;2;7;16;5;17;TRUE
2;2;84;37;5;9;TRUE
6;8;109;31;5;112;TRUE
1;5;13;158;5;23;TRUE
2;3;44;3;5;11;TRUE
1;1;3;0;5;5;TRUE
1;2;41;7;5;70;FALSE
1;4;162;83;5;12;TRUE
2;2;0;98;5;60;FALSE
4;5;919;1191;5;81;TRUE
2;3;8;5;5;3;FALSE
4;8;1258;1008;5;202;TRUE
3;3;101;839;5;95;TRUE
4;6;1327;25;5;32;TRUE
4;10;1235;215;5;260;TRUE
9;12;2413;1754;5;377;TRUE
3;5;87;25;4;149;TRUE
2;4;56;21;4;119;TRUE
3;4;176;96;4;131;TRUE
9;16;556;261;4;408;TRUE
5;14;334;305;4;277;TRUE
1;1;1;1;4;1;FALSE
6;11;1224;69;4;215;TRUE
2;2;4;1;4;54;FALSE
3;3;79;85;4;96;FALSE
2;2;30;145;4;89;TRUE
3;3;255;50;4;134;TRUE
1;15;285;0;1;15;FALSE
1;1;0;264;4;1;FALSE
1;2;0;40;1;2;FALSE
1;1;339;0;1;0;FALSE
35;153;155;155;4;1242;TRUE
2;5;0;401;4;14;FALSE
35;152;1104;44;4;1075;TRUE
5;5;130;14;4;194;TRUE
5;7;408;27;4;103;TRUE
1;1;100;0;1;0;FALSE
1;1;1;1;1;1;FALSE
1;1;2;2;4;138;FALSE
3;24;0;0;4;29;FALSE
17;17;296;60;4;56;FALSE
8;8;243;1;4;128;TRUE
2;2;113;73;4;28;TRUE
6;21;91;14;4;55;TRUE
9;20;987;1470;4;220;TRUE
1;3;414;0;1;0;TRUE
11;22;295;0;1;0;TRUE
1;1;2;2;4;136;FALSE
1;1;2;0;4;3;FALSE
1;1;1;1;4;5;FALSE
66;66;3119;244;4;250;FALSE
1;1;5;1;4;18;FALSE
11;23;790;376;4;430;TRUE
26;55;3348;897;4;707;TRUE
8;11;607;90;4;217;TRUE
1;1;2;2;4;132;FALSE
2;2;31;18;4;20;FALSE
1;1;12;2;4;15;FALSE
3;5;156;13;4;116;TRUE
3;4;26;5;4;128;TRUE
2;2;3;3;4;22;TRUE
1;1;2;3;4;13;FALSE
6;8;146;149;4;236;TRUE
6;7;299;14;4;239;TRUE
2;2;25;25;4;14;FALSE
3;3;201;114;4;22;FALSE
6;8;73;59;4;150;TRUE
3;4;59;72;4;50;TRUE
2;5;117;29;4;64;TRUE
1;1;2;2;4;128;FALSE
3;3;50;10;4;54;TRUE
1;1;27;0;4;27;FALSE
2;3;8;7;4;75;FALSE
1;1;3;2;4;5;TRUE
4;5;88;41;4;95;TRUE
1;1;1;0;4;23;FALSE
1;1;1;0;4;2;FALSE
6;9;258;243;4;164;TRUE
2;2;3;2;4;92;FALSE
8;14;299;113;4;184;TRUE
2;2;4;3;4;15;TRUE
2;3;108;22;4;38;TRUE
3;3;11;13;4;15;TRUE
1;1;1;2;4;6;TRUE
1;4;6;3;4;34;TRUE
1;2;93;4;4;31;TRUE
1;1;3;1;4;16;FALSE
3;3;54;2;4;79;FALSE
2;3;78;35;4;13;TRUE
4;5;62;5;4;87;TRUE
1;1;1;1;4;5;FALSE
8;11;879;5;4;232;TRUE
5;5;206;2;4;13;TRUE
2;2;4;2;4;133;FALSE
1;1;2;2;4;125;FALSE
3;3;516;21;4;68;FALSE
2;2;0;8;4;22;FALSE
13;29;538;3;4;81;TRUE
1;1;1;1;4;3;FALSE
8;10;356;9;4;218;TRUE
1;1;1;1;4;6;FALSE
1;1;3;1;4;2;FALSE
2;10;10;10;4;50;TRUE
3;5;403;240;4;26;TRUE
3;4;139;351;4;20;FALSE
2;2;144;94;4;15;TRUE
0;0;0;0;0;0;TRUE
43;438;9;37654;;;FALSE
43;438;37654;9;;;FALSE
11;11;335;0;4;16;FALSE
6;6;48;11;4;173;TRUE
4;4;4;4;4;83;FALSE
1;1;1;1;4;5;FALSE
1;1;1;1;4;4;FALSE
1;1;1;0;4;8;FALSE
2;2;3;2;4;78;FALSE
9;13;215;209;4;131;TRUE
3;5;129;23;4;29;TRUE
5;5;22;1;4;73;FALSE
4;4;4;4;4;69;FALSE
34;34;237;29;4;69;FALSE
1;1;36;27;4;8;FALSE
5;8;194;142;4;69;TRUE
6;11;491;251;4;71;TRUE
2;2;49;1;4;51;TRUE
5;5;99;96;4;29;TRUE
3;4;13;34;4;18;TRUE
3;4;205;205;4;136;TRUE
6;16;708;169;4;106;TRUE
3;3;20;2;4;65;TRUE
2;2;4;5;4;20;FALSE
10;10;27;25;4;86;FALSE
2;2;4;2;4;18;FALSE
2;2;3;1;1;1;TRUE
29;29;2320;1;1;1;FALSE
1;1;2;2;4;121;FALSE
18;18;1810;97;4;30;FALSE
3;6;106;69;4;22;TRUE
1;1;12;1;3;2;TRUE
3;4;23;24;3;8;FALSE
8;12;130;1;1;1;TRUE
7;11;65;45;4;45;TRUE
10;15;20;77;4;91;FALSE
3;4;1;272;4;132;FALSE
4;4;11;8;4;129;FALSE
2;2;2;2;4;125;FALSE
1;1;1;0;4;51;FALSE
6;12;680;200;4;183;TRUE
7;11;317;193;4;67;TRUE
13;28;1875;492;4;213;TRUE
3;3;23;8;4;125;FALSE
1;1;33;11;4;1;FALSE
1;1;7;0;4;1;TRUE
8;10;435;7;4;127;TRUE
1;1;2;2;4;112;FALSE
3;4;7;6;4;6;TRUE
1;1;1;1;4;2;FALSE
2;3;63;30;4;5;TRUE
1;1;16;1;4;4;FALSE
2;3;11;2;4;4;FALSE
1;1;1;1;4;1;FALSE
9;19;358;235;4;69;TRUE
10;16;1247;424;4;189;TRUE
1;1;0;897;4;1;FALSE
1;1;2;2;4;108;FALSE
1;1;2;2;4;2;FALSE
1;1;2;2;4;107;FALSE
1;1;2;2;4;106;FALSE
1;1;12;1;4;1;TRUE
3;5;7;7;4;5;FALSE
40;129;10803;10632;4;806;TRUE
2;3;16;19;4;24;TRUE
1;1;2;2;4;104;FALSE
2;2;9;5;4;47;FALSE
4;4;16;9;4;156;TRUE
11;11;747;44;1;11;FALSE
2;3;70;21;4;103;TRUE
1;1;1;1;4;99;FALSE
5;7;13;51;4;205;FALSE
5;7;159;89;4;246;TRUE
2;2;60;84;4;107;FALSE
2;2;2;3;4;181;TRUE
5;5;100;55;4;230;TRUE
5;5;34;17;4;205;TRUE
1;1;5;5;4;33;FALSE
2;3;15;9;4;90;FALSE
4;4;5;9;4;140;TRUE
4;4;42;22;4;143;TRUE
3;3;63;2;4;132;TRUE
2;2;3;3;4;40;TRUE
1;1;40;26;4;12;FALSE
1;2;2;11;4;84;FALSE
36;55;4306;0;1;0;FALSE
1;1;0;0;1;0;FALSE
2;2;2;2;4;105;FALSE
2;2;9;5;4;51;TRUE
2;2;3;2;4;158;FALSE
2;2;54;27;4;37;TRUE
3;3;27;15;4;184;FALSE
1;1;1;0;4;7;FALSE
2;2;7;0;4;36;FALSE
1;1;4;3;4;79;TRUE
1;1;1;1;4;78;FALSE
1;1;1;1;4;46;FALSE
2;2;27;33;4;113;TRUE
1;1;86;63;4;44;TRUE
2;2;20;21;4;94;FALSE
3;3;109;9;4;135;TRUE
2;2;18;8;4;116;TRUE
3;4;85;5;4;74;TRUE
3;4;62;71;4;44;TRUE
3;4;161;6;4;57;TRUE
1;1;70;0;1;0;FALSE
4;4;199;20;4;145;TRUE
2;2;4;1;4;92;TRUE
2;2;10;7;4;24;TRUE
4;6;96;84;4;176;TRUE
1;1;3;1;3;35;TRUE
2;2;7;4;4;135;FALSE
5;7;666;1;4;160;TRUE
3;3;14;4;3;97;FALSE
1;1;2;1;3;6;TRUE
12;14;326;44;3;257;TRUE
3;3;0;0;1;7;FALSE
3;4;42;53;3;160;TRUE
1;1;26;13;3;25;FALSE
2;2;3;24;3;100;FALSE
3;3;32;28;3;143;FALSE
3;5;307;206;3;182;TRUE
1;1;53;0;1;0;TRUE
6;9;36;96;3;144;TRUE
1;1;13;5;3;18;TRUE
1;1;1;0;3;17;FALSE
1;1;52;4;3;16;TRUE
1;1;1;1;3;19;FALSE
1;1;1;1;3;51;FALSE
1;1;2;0;3;27;FALSE
3;3;0;0;1;4;FALSE
4;6;60;14;3;175;TRUE
3;3;13;7;3;78;TRUE
2;2;55;10;3;73;TRUE
1;1;2;2;3;24;TRUE
1;1;1;1;3;45;FALSE
3;3;26;6;3;68;TRUE
1;3;101;0;1;0;TRUE
1;1;1;1;3;39;FALSE
1;1;12;1;3;56;TRUE
1;1;0;2;3;55;FALSE
1;1;1;1;3;38;FALSE
1;1;5;2;3;2;FALSE
1;1;3;1;3;7;FALSE
1;1;6;2;3;54;TRUE
2;2;8;5;3;84;TRUE
3;3;6;2;3;53;FALSE
3;3;28;2;3;90;TRUE
1;1;1;9;3;4;TRUE
1;1;0;14;3;14;FALSE
2;2;18;26;3;72;TRUE
1;1;2;2;3;14;TRUE
2;2;13;1;3;17;FALSE
2;2;4;2;3;21;TRUE
1;1;9;1;3;17;FALSE
1;1;1;1;3;47;TRUE
1;1;6;6;3;46;TRUE
1;1;34;3;3;2;FALSE
3;4;121;4;3;48;FALSE
3;4;127;3;3;74;TRUE
1;1;1;4;3;28;FALSE
5;6;86;93;3;91;TRUE
1;1;0;1;3;26;FALSE
6;7;258;44;3;90;TRUE
2;2;17;4;3;15;TRUE
1;1;7;3;3;1;TRUE
1;1;2;2;3;2;FALSE
2;2;40;2;3;15;FALSE
2;3;23;16;3;21;TRUE
10;13;201;162;3;167;TRUE
1;1;6;3;3;41;FALSE
3;4;55;18;3;63;TRUE
1;1;8;2;3;21;FALSE
1;1;171;171;3;36;TRUE
1;1;2;12;3;17;TRUE
1;1;1;1;3;15;FALSE
2;2;35;1;3;20;TRUE
1;2;21;1;3;32;TRUE
2;3;23;8;3;43;TRUE
1;1;2;0;3;35;FALSE
3;5;152;111;3;81;TRUE
2;2;2;11;3;17;FALSE
4;4;17;29;3;47;FALSE
2;2;73;21;3;17;TRUE
1;1;4;3;3;10;FALSE
2;3;32;41;3;36;TRUE
2;2;11;2;3;29;TRUE
2;2;26;0;3;41;TRUE
3;4;50;18;3;27;TRUE
5;5;55;29;3;74;TRUE
2;2;24;7;3;25;TRUE
3;5;32;3;3;38;FALSE
1;1;44;46;3;4;FALSE
5;8;148;102;3;36;TRUE
2;3;40;21;3;19;TRUE
2;2;127;250;3;11;TRUE
1;1;50;84;3;8;TRUE
1;1;1;1;3;5;TRUE
3;9;0;0;3;15;FALSE
17;56;5801;5264;3;254;TRUE
11;19;243;30;3;74;TRUE
3;4;80;20;3;21;TRUE
23;81;2436;1022;3;214;TRUE
5;7;78;32;3;56;TRUE
4;4;51;2;3;58;TRUE
9;13;374;440;3;81;TRUE
4;5;132;85;3;53;TRUE
3;3;14;72;3;11;FALSE
3;3;176;7;3;4;FALSE
3;3;44;45;3;37;TRUE
3;7;12;349;3;41;FALSE
1;1;3;0;3;8;TRUE
1;1;0;0;1;0;FALSE
5;16;167;94;3;40;TRUE
5;7;458;168;3;43;TRUE
1;1;70;42;3;12;TRUE
1;1;105;105;3;11;FALSE
3;3;58;11;3;15;TRUE
5;8;363;300;3;48;TRUE
4;11;396;395;3;68;TRUE
2;2;444;293;3;17;TRUE
1;1;25;13;3;6;FALSE
2;2;194;173;3;14;FALSE
3;4;54;19;3;20;FALSE
1;1;9;0;3;5;FALSE
1;1;9;0;3;4;FALSE
1;1;1;0;3;16;FALSE
1;1;1;0;3;12;FALSE
2;2;8;5;3;5;FALSE
1;1;20;5;3;5;FALSE
3;6;35;27;3;36;TRUE
5;6;235;185;3;35;TRUE
2;2;8;14;3;23;FALSE
1;1;7;0;3;3;FALSE
6;8;487;269;3;44;TRUE
3;3;108;2;3;16;FALSE
1;1;2;7;3;5;FALSE
4;4;6;29;3;25;TRUE
6;8;239;122;3;33;TRUE
1;1;33;7;1;2;FALSE
1;1;14;6;1;1;TRUE
1;1;143;0;1;0;TRUE
3;4;115;48;3;15;TRUE
10;17;166;138;3;69;TRUE
3;3;38;0;3;8;FALSE
10;20;5;317;3;49;FALSE
1;1;6;4;3;6;FALSE
7;9;107;267;3;27;TRUE
3;4;65;49;3;16;TRUE
5;6;64;136;3;15;TRUE
7;7;136;41;3;22;TRUE
1;1;53;19;3;6;FALSE
8;15;144;174;3;39;FALSE
1;2;4;0;1;0;FALSE
5;5;396;330;3;10;TRUE
1;1;143;29;1;1;FALSE
11;47;4408;3918;3;74;TRUE
5;12;668;666;3;18;TRUE
7;10;170;134;3;6;FALSE
8;19;310;7;3;9;TRUE
1;1;2;2;2;1;FALSE
8;24;1251;1205;3;36;FALSE
1;3;0;0;1;4;FALSE
3;6;112;17;3;7;FALSE
5;14;667;416;2;21;FALSE
1;4;46;34;2;12;FALSE
5;23;1044;747;2;24;TRUE
1;3;138;92;2;4;TRUE
1;1;1;1;1;1;FALSE
1;1;1;0;1;1;FALSE
1;2;3436;0;1;0;FALSE
1;2;54;0;1;0;FALSE
4;4;18;38;2;7;TRUE
1;1;47;0;1;0;FALSE
2;2;4;2;2;5;FALSE
2;5;178;261;2;3;FALSE
1;2;128;0;1;0;TRUE
1;1;164;0;1;0;FALSE
1;1;1;1;1;1;FALSE
5;11;24;9;1;9;TRUE
2;3;91;0;1;0;FALSE
1;1;1;1;1;1;FALSE
2;2;18;26;1;2;FALSE
16;105;4412;0;1;0;FALSE
1;1;1;1;1;0;FALSE
1;1;7;2;1;0;FALSE
1;1;107;87;1;0;FALSE
1;1;1;1;1;4;FALSE
1;1;1;1;1;0;FALSE
1;1;1;1;1;1;FALSE
1;1;12;8;1;0;FALSE
8;10;696;647;1;1;FALSE
1;1;32;34;1;0;FALSE
2;3;5;5;1;4;FALSE
2;3;11;13;2;1;FALSE
2;5;63;57;2;2;FALSE
2;3;9;8;2;10;FALSE
1;1;20;2;1;1;FALSE
1;1;2;1;1;1;FALSE
1;1;1;1;1;2;FALSE
2;2;305;297;1;0;FALSE
2;10;10;24;1;0;FALSE
1;1;14;6;1;1;FALSE
1;2;229;229;3;4;FALSE
3;3;19;28;3;23;FALSE
2;4;40;31;3;33;TRUE
1;1;2;0;3;6;FALSE
5;14;467;494;3;63;FALSE
1;2;72;164;3;5;FALSE
1;1;0;7;1;0;FALSE
4;4;64;61;3;3;TRUE
1;1;6;1;1;0;FALSE
1;1;2;1;1;1;FALSE
2;2;6;2;1;0;FALSE
1;1;1;1;1;4;FALSE
1;1;3;2;1;1;FALSE
2;2;11;8;1;1;FALSE
4;4;0;0;2;3;FALSE
3;4;29;7;2;39;FALSE
2;2;3;3;1;2;FALSE
1;1;2;2;1;3;FALSE
2;2;12;5;1;0;FALSE
1;1;2;3;2;12;FALSE
1;1;6;11;2;9;FALSE
1;1;5;5;2;8;TRUE
1;1;2;11;2;7;FALSE
1;1;14;7;2;6;TRUE
1;1;1;0;2;5;FALSE
2;2;25;0;2;12;TRUE
1;1;1;1;1;1;FALSE
1;2;5;5;1;5;FALSE
1;1;1;1;1;0;FALSE
1;2;4;4;2;1;FALSE
1;1;6;1;1;2;FALSE
1;1;1;1;1;1;FALSE
4;9;23;23;1;0;TRUE
1;1;2;2;1;1;FALSE
1;1;2;1;1;0;FALSE
1;1;5;6;1;0;FALSE
1;1;2;1;1;4;FALSE
1;1;5;3;2;9;FALSE
2;2;2;5;1;7;FALSE
1;1;1;2;1;1;FALSE
1;1;4;4;1;0;FALSE
1;1;4;3;1;4;TRUE
1;1;1;0;1;3;FALSE
3;4;8;7;1;3;FALSE
2;2;11;6;1;2;TRUE
2;2;6;6;2;5;FALSE
1;1;3;1;2;1;FALSE
1;1;1;1;1;0;FALSE
1;1;1;1;1;1;FALSE
1;1;2;4;2;8;FALSE
2;2;46;22;2;6;FALSE
5;6;20;3;2;7;FALSE
1;1;2;1;1;0;FALSE
1;1;2;2;1;0;FALSE
1;1;4;1;1;4;TRUE
1;1;1;1;1;3;FALSE
2;2;2;1;1;1;FALSE
1;1;1;1;1;3;FALSE
1;1;1;2;1;1;FALSE
1;1;0;0;1;0;FALSE
2;4;52;62;1;0;FALSE
1;1;1;1;1;0;FALSE
1;1;7;3;2;4;FALSE
1;1;15;0;1;0;FALSE
1;1;1;0;1;1;FALSE
1;1;7;0;1;0;FALSE
1;1;5;1;1;0;FALSE
2;2;7;8;1;1;FALSE
2;3;44;26;1;0;FALSE
1;1;8;7;1;0;FALSE
1;1;1;1;2;16;FALSE
1;2;6;20;4;9;FALSE
1;1;1;1;2;8;FALSE
1;1;7;12;1;0;FALSE
1;1;3;1;2;3;FALSE
1;1;1;0;1;1;FALSE
2;2;8;13;2;3;FALSE
2;3;6;8;2;5;FALSE
2;3;23;10;1;0;FALSE
1;1;0;2;1;5;FALSE
1;1;1;1;1;0;FALSE
1;1;1;1;1;1;FALSE
1;1;2;2;20;82;FALSE
1;2;8;12;20;428;TRUE
1;2;22;15;20;12;FALSE
1;1;10;3;20;100;TRUE
1;1;35;18;20;73;FALSE
1;1;6;1;20;81;FALSE
1;1;7;2;20;98;TRUE
1;1;8;8;20;324;FALSE
2;2;4;2;20;228;TRUE
1;1;13;5;20;149;TRUE
2;3;21;21;20;677;FALSE
1;1;15;6;20;72;TRUE
1;2;7;0;20;416;TRUE
3;3;7;9;20;136;FALSE
1;1;1;1;20;94;FALSE
1;1;1;0;20;319;FALSE
1;2;23;49;19;25;TRUE
1;1;6;2;20;312;FALSE
2;4;62;29;1;6;FALSE
1;1;1;1;20;14;FALSE
2;2;1;6;20;376;FALSE
1;1;1;1;20;2;FALSE
1;1;10;2;20;35;FALSE
1;1;8;1;20;34;FALSE
1;2;78;78;20;2;FALSE
2;2;4;10;20;174;FALSE
2;2;51;21;2;1;TRUE
1;1;16;11;20;126;FALSE
1;3;17;5;20;446;FALSE
1;1;68;66;20;17;TRUE
2;4;235;98;20;406;TRUE
2;2;7;4;20;83;FALSE
1;1;1;1;20;184;FALSE
1;2;13;5;20;360;TRUE
0;0;0;0;0;0;FALSE
1;1;5;4;20;26;FALSE
1;1;1;1;20;179;FALSE
1;2;94;29;20;103;FALSE
1;1;1;1;20;178;FALSE
1;1;4;2;20;24;TRUE
1;1;81;26;20;23;TRUE
1;1;2;2;20;38;TRUE
2;3;24;17;20;98;FALSE
2;2;23;12;20;160;TRUE
2;2;2;1;20;252;FALSE
1;1;1;0;20;76;FALSE
2;2;32;7;20;77;FALSE
2;2;2;2;19;214;FALSE
2;2;4;4;19;306;FALSE
2;2;13;3;19;45;TRUE
2;2;5;8;19;304;TRUE
1;1;1;1;19;165;FALSE
1;1;1;1;1;1;FALSE
1;1;4;3;19;149;FALSE
2;2;19;27;19;208;FALSE
2;2;27;19;19;206;TRUE
2;2;11;11;19;319;FALSE
1;1;3;3;19;114;FALSE
3;4;35;30;19;217;FALSE
1;1;20;10;19;103;TRUE
2;2;19;19;19;98;FALSE
2;2;16;6;19;262;TRUE
4;5;87;67;19;558;FALSE
1;1;1;0;19;31;FALSE
1;1;1;1;19;57;FALSE
1;2;19;1;19;178;FALSE
2;2;116;104;19;31;FALSE
1;1;5;4;19;25;FALSE
1;1;2;1;19;116;FALSE
1;1;3;1;19;23;TRUE
3;6;1002;15;19;221;FALSE
1;1;0;1;16;18;FALSE
1;1;11;12;19;64;FALSE
1;1;1;1;19;63;FALSE
2;2;47;68;19;168;TRUE
1;1;1;1;19;18;FALSE
1;1;2;1;19;17;FALSE
1;1;1;3;19;105;FALSE
4;5;63;66;19;286;TRUE
2;2;35;14;19;167;TRUE
5;5;41;4;19;478;TRUE
1;2;17;10;19;35;FALSE
1;1;6;3;19;14;TRUE
1;1;13;7;19;99;FALSE
2;2;2;2;19;22;TRUE
3;5;20;38;19;409;TRUE
2;2;65;13;19;91;TRUE
1;1;32;32;19;98;FALSE
1;1;11;52;12;12;FALSE
1;1;1;1;19;236;FALSE
1;1;10;0;19;98;TRUE
2;2;4;4;19;77;FALSE
1;2;16;9;19;140;FALSE
1;1;9;6;19;55;FALSE
1;1;1;1;19;90;FALSE
1;1;10;11;19;89;FALSE
1;1;30;5;16;70;FALSE
1;1;2;2;19;233;FALSE
1;1;28;13;19;22;FALSE
1;1;7;5;16;68;FALSE
2;2;6;7;19;103;FALSE
1;1;5;0;19;7;FALSE
1;1;8;8;19;12;FALSE
2;3;42;25;19;40;TRUE
1;1;11;6;16;137;TRUE
1;1;2;0;19;271;FALSE
4;4;27;300;19;242;FALSE
1;1;5;5;19;79;FALSE
1;1;6;2;16;59;FALSE
2;2;7;7;19;348;TRUE
1;1;5;0;19;269;FALSE
1;1;1;1;16;17;TRUE
1;1;1;1;19;10;FALSE
1;1;19;4;19;9;TRUE
1;1;14;5;19;98;FALSE
1;1;0;1;16;17;FALSE
1;1;1;3;16;16;TRUE
1;1;4;2;16;15;TRUE
1;1;37;23;16;12;TRUE
1;1;3;3;16;11;FALSE
1;1;4;11;19;86;TRUE
2;2;14;1;19;174;TRUE
1;1;1;1;19;143;FALSE
3;3;17;30;16;111;TRUE
1;1;75;10;19;12;TRUE
1;1;5;4;7;2;FALSE
1;1;8;5;16;92;FALSE
1;1;1;0;16;10;FALSE
1;1;1;1;16;15;FALSE
1;1;1;1;16;9;FALSE
1;2;45;11;16;30;TRUE
1;1;65;72;17;23;FALSE
1;1;81;72;17;22;TRUE
1;1;1;0;16;131;FALSE
2;2;5;2;16;134;FALSE
1;1;15;4;16;43;FALSE
2;2;3;0;16;118;FALSE
1;1;20;10;16;42;TRUE
1;1;1;1;16;85;FALSE
1;1;25;10;16;19;FALSE
1;1;42;1;16;41;TRUE
2;2;37;33;16;254;FALSE
1;1;24;6;16;7;FALSE
1;2;11;15;16;47;FALSE
2;2;52;8;16;51;TRUE
1;1;0;4;16;1;FALSE
2;2;5;2;16;213;FALSE
1;1;67;2;16;60;TRUE
1;1;4;1;16;50;FALSE
1;1;0;4;16;1;FALSE
1;1;11;5;16;11;FALSE
1;1;70;55;16;76;FALSE
1;1;40;2;16;59;TRUE
3;4;1357;33;16;66;TRUE
1;1;1;1;16;217;FALSE
1;1;29;3;16;57;TRUE
1;1;26;5;16;18;FALSE
1;1;6;3;16;69;TRUE
1;1;2;50;16;56;TRUE
2;2;9;0;16;30;FALSE
1;1;0;19;16;67;FALSE
2;4;37;11;16;394;FALSE
1;1;58;9;16;16;TRUE
1;2;2;3;16;257;FALSE
1;1;1;1;14;133;FALSE
1;1;1;1;14;131;FALSE
1;1;25;2;11;12;FALSE
1;1;1;1;16;45;FALSE
1;1;5;0;14;199;FALSE
1;1;1;0;15;21;FALSE
6;8;184;76;16;525;TRUE
1;1;1;1;14;128;FALSE
1;1;1;1;15;8;FALSE
1;1;6;1;15;82;FALSE
1;2;16;1;15;305;TRUE
1;1;2;4;13;52;FALSE
2;2;44;13;14;23;TRUE
1;3;34;29;13;113;TRUE
2;2;7;0;14;432;FALSE
2;2;4;3;14;131;FALSE
1;1;1;1;12;11;FALSE
1;1;2;2;12;10;FALSE
1;1;36;18;14;126;FALSE
2;2;7;1;14;199;FALSE
3;3;38;6;14;317;FALSE
1;1;3;3;14;14;FALSE
1;1;2;1;14;13;FALSE
6;9;596;703;14;632;FALSE
3;3;31;114;13;134;TRUE
4;5;13;13;13;226;FALSE
1;1;4;4;12;11;TRUE
1;1;1;1;1;13;FALSE
1;1;4;3;13;77;FALSE
2;2;13;2;13;234;FALSE
1;1;1;1;13;111;FALSE
2;3;9;7;13;307;FALSE
1;1;30;26;13;47;TRUE
1;1;1;1;13;41;FALSE
1;1;1;1;13;188;FALSE
1;1;1;1;13;100;FALSE
1;1;2;1;13;3;FALSE
1;1;0;7;13;226;FALSE
1;1;4;0;13;8;TRUE
2;2;2;3;13;232;FALSE
1;1;7;3;13;117;FALSE
1;1;42;11;13;39;TRUE
1;1;1;1;13;186;FALSE
1;1;7;0;13;55;FALSE
1;1;1;1;13;185;FALSE
1;1;2;1;13;47;FALSE
1;2;29;19;13;174;TRUE
1;1;2;0;13;181;FALSE
1;1;0;1;13;36;FALSE
3;4;13;3;13;315;TRUE
1;1;1;0;13;46;FALSE
1;1;22;2;13;76;FALSE
1;1;6;4;13;7;FALSE
1;1;3;0;13;48;FALSE
1;2;1;14;13;269;FALSE
3;4;35;33;13;311;TRUE
1;2;5;4;13;264;TRUE
1;1;16;9;13;75;TRUE
1;1;3;0;13;213;FALSE
1;1;6;2;13;212;FALSE
1;1;1;2;13;211;TRUE
2;2;55;31;13;254;TRUE
1;1;1;1;13;209;FALSE
1;1;13;3;13;208;TRUE
1;1;1;0;13;207;TRUE
1;1;2;0;13;206;TRUE
1;1;2;15;13;46;FALSE
1;1;3;2;13;1;FALSE
1;1;5;1;13;205;TRUE
7;9;75;51;13;540;TRUE
5;7;184;263;13;532;TRUE
1;2;0;4;13;80;FALSE
1;1;11;7;13;116;TRUE
1;1;25;24;12;86;FALSE
1;1;2;1;13;115;FALSE
1;1;9;1;12;85;TRUE
1;1;10;2;12;84;TRUE
1;1;33;9;12;83;TRUE
1;1;1;2;13;44;FALSE
2;2;24;22;13;132;FALSE
1;1;3;1;12;3;FALSE
1;1;1;0;13;106;FALSE
1;1;64;56;12;193;FALSE
1;1;2;0;12;76;FALSE
6;6;0;0;13;3;FALSE
5;5;42;11;13;4;FALSE
1;1;0;0;1;1;FALSE
1;1;1;1;12;172;FALSE
3;4;60;79;12;109;FALSE
1;1;1;1;12;58;FALSE
1;1;7;1;12;3;FALSE
4;5;8;20;12;438;FALSE
5;5;9;116;12;242;FALSE
1;1;1;1;12;80;FALSE
1;1;1;1;12;17;FALSE
2;2;29;3;12;73;FALSE
1;1;1;1;12;53;FALSE
7;7;7;7;12;371;FALSE
1;1;7;4;12;36;TRUE
3;3;9;10;12;49;TRUE
3;4;18;20;12;223;TRUE
2;2;22;9;12;40;FALSE
1;1;3;0;12;99;FALSE
1;1;1;1;12;56;FALSE
1;1;2;1;12;30;FALSE
1;1;1;1;12;33;FALSE
2;2;59;63;12;69;FALSE
2;2;5;13;12;163;FALSE
2;2;7;2;12;80;FALSE
1;1;1;0;12;27;FALSE
1;1;5;15;12;23;FALSE
1;1;5;11;12;22;FALSE
1;1;1;1;12;34;FALSE
1;2;2;2;12;151;FALSE
1;2;6;2;12;149;TRUE
1;1;0;1;1;2;FALSE
1;1;1;0;1;1;FALSE
4;4;19;20;12;53;FALSE
2;2;28;9;12;75;FALSE
1;1;1;1;11;17;FALSE
1;1;1;1;11;19;FALSE
3;3;19;30;12;18;FALSE
1;1;30;24;12;42;FALSE
1;1;1;1;12;177;FALSE
1;1;1;1;12;11;FALSE
1;1;6;7;3;9;FALSE
3;3;19;15;12;33;FALSE
1;1;3;7;11;15;FALSE
6;6;47;22;12;230;FALSE
1;1;2;2;11;18;FALSE
1;1;1;1;12;1;FALSE
8;13;82;36;12;513;TRUE
2;2;16;15;12;18;FALSE
2;3;4;4;12;15;FALSE
1;1;2;2;11;17;FALSE
2;3;3;3;10;23;FALSE
1;2;4;4;5;10;FALSE
1;1;1;1;8;15;FALSE
1;2;4;7;5;8;TRUE
1;1;2;2;10;171;FALSE
7;10;26;55;8;504;TRUE
7;10;26;54;8;494;TRUE
1;1;4;1;3;5;FALSE
3;5;3;8;8;227;FALSE
3;3;80;50;8;108;FALSE
3;3;41;16;8;200;FALSE
2;2;4;4;8;147;TRUE
1;1;9;9;6;3;FALSE
2;2;28;23;8;139;FALSE
1;1;4;3;8;4;FALSE
6;6;114;73;8;239;TRUE
3;3;36;13;8;164;TRUE
1;1;1;1;8;64;FALSE
5;6;9;15;8;221;FALSE
1;1;1;2;8;63;FALSE
3;3;17;9;8;33;TRUE
4;5;313;98;8;19;TRUE
1;1;33;4;8;38;FALSE
6;18;73;39;8;494;FALSE
6;18;73;43;8;473;TRUE
1;3;31;17;2;4;TRUE
1;2;4;4;7;11;FALSE
1;1;15;8;7;7;TRUE
1;1;1;1;6;10;FALSE
2;2;4;4;7;169;FALSE
1;1;2;2;8;4;FALSE
2;2;5;1;8;67;FALSE
1;1;3;1;8;39;FALSE
1;2;67;48;7;97;TRUE
1;1;15;0;7;40;TRUE
2;2;9;2;7;38;FALSE
1;1;1;0;7;86;FALSE
2;2;6;2;6;27;FALSE
1;1;2;0;7;25;FALSE
1;1;11;2;7;85;FALSE
6;6;66;182;7;62;FALSE
3;3;26;42;7;141;TRUE
1;1;7;1;7;7;FALSE
1;1;1;0;7;10;FALSE
2;2;2;2;7;13;FALSE
3;3;3;3;7;123;FALSE
1;1;13;11;7;81;TRUE
1;1;1;1;5;6;FALSE
1;1;4;2;6;15;FALSE
1;1;1;1;6;35;FALSE
2;2;6;10;6;58;FALSE
1;1;1;1;6;2;FALSE
1;1;12;17;6;22;FALSE
1;1;19;11;6;12;FALSE
1;1;107;36;6;10;TRUE
1;1;4;4;6;9;TRUE
1;1;3;3;6;8;FALSE
1;1;4;5;6;21;FALSE
2;2;2;1;6;36;TRUE
1;1;2;3;6;70;FALSE
1;1;34;18;6;27;FALSE
1;1;428;407;6;18;TRUE
1;1;11;1;6;69;FALSE
1;1;11;5;6;16;FALSE
39;193;404;594;6;1716;TRUE
2;2;6;3;5;74;FALSE
2;2;22;1;5;11;FALSE
1;1;4;4;5;23;FALSE
1;1;10;0;5;63;FALSE
2;4;73;29;5;24;TRUE
1;1;33;5;5;61;FALSE
1;1;1;2;5;152;FALSE
1;1;1;2;5;104;FALSE
2;2;3;6;5;155;FALSE
2;3;38;6;5;104;TRUE
4;5;38;16;5;166;TRUE
8;9;223;175;5;219;TRUE
1;1;1;1;4;6;FALSE
1;1;8;7;5;3;FALSE
1;1;4;4;4;4;FALSE
1;1;1;1;4;3;FALSE
2;2;27;10;5;63;TRUE
1;1;1;1;4;5;TRUE
1;1;1;1;4;2;FALSE
1;1;5;1;5;21;TRUE
1;1;5;1;5;12;TRUE
2;4;128;56;5;25;TRUE
2;2;15;2;5;117;FALSE
3;5;101;90;5;145;FALSE
1;2;13;7;5;9;TRUE
1;1;9;3;5;3;TRUE
2;3;98;46;5;132;TRUE
2;2;13;15;5;54;TRUE
3;5;441;424;5;57;TRUE
1;2;15;6;5;2;TRUE
1;1;3;2;5;2;TRUE
1;1;3;1;4;44;TRUE
1;1;9;11;4;41;FALSE
1;1;1;0;4;15;FALSE
2;2;3;5;4;95;FALSE
1;1;5;1;4;54;FALSE
1;1;1;1;4;13;FALSE
5;6;202;68;4;142;TRUE
6;6;36;9;4;150;FALSE
4;4;0;0;1;4;FALSE
1;1;1;1;4;2;FALSE
2;3;48;40;4;67;TRUE
5;7;99;32;4;173;TRUE
1;1;1;1;4;137;FALSE
1;1;1;1;4;18;FALSE
1;1;2;0;1;1;FALSE
1;1;3;3;4;18;FALSE
2;2;15;49;4;19;TRUE
1;1;14;2;4;17;FALSE
1;1;7;7;4;38;FALSE
1;2;2;0;4;55;FALSE
1;1;1;1;4;7;FALSE
1;1;2;1;4;49;FALSE
1;1;1;0;4;14;FALSE
6;10;61;11;4;120;FALSE
1;2;20;0;4;26;FALSE
2;2;22;12;4;33;FALSE
5;6;50;22;4;104;TRUE
3;4;16;7;4;27;TRUE
7;8;441;16;4;230;TRUE
2;2;2;0;4;63;TRUE
2;2;2;0;4;65;FALSE
1;1;4;2;4;25;FALSE
1;1;5;0;4;2;FALSE
1;1;1;1;4;12;FALSE
1;1;7;7;4;24;FALSE
1;1;5;3;4;9;FALSE
3;5;125;26;4;68;TRUE
1;1;2;0;4;16;FALSE
3;3;14;3;4;121;TRUE
5;5;88;40;4;71;FALSE
2;2;14;14;4;27;TRUE
2;2;11;2;4;34;FALSE
1;1;27;9;4;25;TRUE
4;5;81;84;4;67;TRUE
5;5;138;45;4;51;TRUE
1;2;12;9;4;19;TRUE
6;9;196;89;4;93;TRUE
1;1;8;2;4;12;FALSE
1;1;4;4;4;5;FALSE
1;1;1;1;4;4;FALSE
1;1;9;7;4;6;TRUE
2;2;3;3;4;65;FALSE
2;2;3;3;4;67;FALSE
4;7;156;93;4;81;TRUE
2;3;6;6;4;32;TRUE
1;1;1;1;4;8;FALSE
1;1;2;2;4;9;FALSE
3;4;60;33;4;20;TRUE
2;2;9;4;4;14;TRUE
2;2;21;19;4;20;TRUE
1;1;1;1;4;7;TRUE
3;3;12;7;4;9;TRUE
3;4;64;24;4;35;TRUE
1;1;8;3;4;2;TRUE
2;2;78;52;4;5;TRUE
1;1;15;8;4;5;TRUE
1;1;1;1;4;52;FALSE
1;1;3;3;4;118;FALSE
2;2;4;1;4;14;FALSE
1;1;1;1;4;4;FALSE
1;1;9;13;4;5;FALSE
1;1;1;1;4;2;TRUE
1;1;5;6;4;5;TRUE
2;2;4;4;4;2;FALSE
2;2;25;12;4;6;FALSE
1;1;12;12;4;3;FALSE
3;4;1018;182;4;155;TRUE
2;2;11;0;4;40;FALSE
1;1;10;0;4;63;FALSE
4;5;137;75;4;308;FALSE
4;4;85;33;4;268;TRUE
1;1;1;0;3;2;FALSE
3;3;5;3;4;144;FALSE
8;10;225;60;4;342;TRUE
6;7;12;5;4;273;TRUE
2;2;2;2;4;146;TRUE
2;2;2;2;4;98;FALSE
1;1;1;1;4;3;FALSE
5;6;28;14;4;261;TRUE
2;2;5;5;4;136;TRUE
2;2;7;3;4;110;FALSE
2;2;2;1;4;95;TRUE
10;12;221;53;4;396;TRUE
1;1;34;11;4;9;FALSE
2;2;3;2;4;161;FALSE
1;1;19;9;4;6;TRUE
3;3;70;36;4;101;TRUE
2;3;13;7;4;68;FALSE
1;1;3;1;4;41;FALSE
2;3;121;55;4;86;TRUE
4;4;31;36;4;143;TRUE
2;2;6;3;3;66;FALSE
4;4;8;6;3;108;FALSE
3;3;58;25;3;153;TRUE
2;2;5;1;3;78;FALSE
1;2;2;2;3;79;FALSE
1;1;1;0;3;4;FALSE
1;1;2;2;3;28;FALSE
1;1;7;9;3;20;FALSE
1;1;3;3;3;26;FALSE
6;7;18;8;3;198;TRUE
6;30;0;0;4;30;FALSE
2;2;3;3;3;58;FALSE
5;5;8;10;3;140;TRUE
1;1;1;1;3;58;TRUE
2;2;4;3;3;46;TRUE
2;2;2;2;3;89;TRUE
2;2;2;2;3;48;FALSE
2;2;2;2;3;86;FALSE
3;3;107;73;3;75;TRUE
1;2;8;1;3;12;FALSE
2;2;68;46;3;19;TRUE
2;2;10;4;3;17;TRUE
2;2;4;3;3;13;TRUE
1;1;2;1;3;21;FALSE
4;4;33;11;3;78;TRUE
1;1;4;0;3;38;TRUE
2;2;130;45;3;55;TRUE
1;1;2;2;3;16;TRUE
1;1;6;0;3;11;FALSE
1;1;3;5;3;33;FALSE
1;1;15;2;3;5;FALSE
1;1;5;3;3;31;TRUE
2;2;4;4;3;20;TRUE
1;1;1;1;3;4;FALSE
1;2;18;6;3;21;FALSE
4;6;180;196;3;36;TRUE
1;1;3;3;3;5;FALSE
7;8;40;72;3;34;TRUE
1;1;60;60;3;15;FALSE
3;4;469;299;3;26;TRUE
1;1;4;2;3;6;FALSE
1;1;8;1;3;2;FALSE
1;1;5;5;3;24;FALSE
1;1;20;18;3;22;FALSE
3;3;9;9;3;18;FALSE
2;2;39;21;3;12;FALSE
4;5;22;11;3;31;TRUE
3;4;38;20;3;39;TRUE
1;1;3;4;3;3;FALSE
2;2;31;23;3;6;FALSE
1;1;14;6;3;6;FALSE
5;5;17;9;3;24;FALSE
5;26;10;12;3;30;TRUE
1;1;1;1;3;3;FALSE
1;3;36;58;2;8;FALSE
5;5;4;9;2;15;FALSE
1;1;134;126;1;1;FALSE
1;1;225;229;1;1;FALSE
3;4;71;22;2;7;TRUE